Name,Team,W,L,SV,HLD,ERA,GS,G,IP,H,ER,HR,SO,BB,WHIP,K/9,BB/9,FIP,WAR,playerid
Clayton Kershaw,Dodgers,18,6,0,0,2.05,32,32,222,163,51,15,273,43,0.93,11.04,1.76,2.2,7.8,2036
Kenley Jansen,Dodgers,4,2,44,2,2.34,0,65,65,46,17,6,91,16,0.96,12.58,2.25,2.36,2.1,3096
Andrew Miller,Yankees,4,2,8,14,2.32,0,65,65,43,17,6,99,22,1,13.69,3,2.39,2.3,6785
Dellin Betances,Yankees,4,2,1,15,2.34,0,65,65,43,17,5,96,25,1.05,13.22,3.53,2.5,2,6216
Aroldis Chapman,Yankees,4,2,35,3,2.39,0,55,55,35,15,4,87,25,1.08,14.17,4.05,2.54,1.4,10233
Jose Fernandez,Marlins,11,7,0,0,2.78,29,29,173,142,53,13,201,46,1.08,10.46,2.4,2.67,4.7,11530
Max Scherzer,Nationals,15,7,0,0,2.7,34,34,211,168,63,18,249,50,1.03,10.63,2.14,2.68,5.9,3137
Craig Kimbrel,Red Sox,4,2,37,3,2.71,0,65,65,48,20,5,87,24,1.11,12.01,3.39,2.72,1.7,6655
Trevor Rosenthal,Cardinals,4,2,42,0,2.7,0,65,65,50,20,4,82,25,1.15,11.31,3.48,2.72,1.6,10745
Hunter Strickland,Giants,3,2,2,17,2.58,0,55,55,44,16,4,60,13,1.04,9.84,2.19,2.73,1,7836
David Robertson,White Sox,5,3,36,1,2.89,0,65,65,50,21,6,84,19,1.07,11.67,2.68,2.73,1.9,8241
Wade Davis,Royals,5,2,39,1,2.53,0,65,65,49,18,5,77,22,1.09,10.64,3.02,2.76,1.7,7441
Zach Britton,Orioles,4,2,33,3,2.67,0,65,65,53,19,4,69,19,1.12,9.55,2.68,2.81,1.8,3240
Stephen Strasburg,Nationals,14,8,0,0,2.92,31,31,182,154,59,17,208,40,1.06,10.25,2,2.82,4.7,10131
Chris Sale,White Sox,16,9,0,0,2.89,34,34,227,185,73,23,277,50,1.03,11,1.97,2.82,6.6,10603
Mark Melancon,Pirates,4,2,40,1,2.68,0,65,65,57,19,4,59,13,1.09,8.22,1.84,2.82,1.5,4264
Cody Allen,Indians,4,3,39,1,2.8,0,65,65,50,20,6,84,23,1.12,11.6,3.2,2.84,1.6,12183
Carlos Carrasco,Indians,14,9,0,0,3.07,31,31,192,164,66,17,210,46,1.09,9.81,2.17,2.89,5.1,6632
Jake Arrieta,Cubs,16,8,0,0,2.76,32,32,206,166,63,15,215,55,1.08,9.4,2.43,2.9,5.3,4153
Madison Bumgarner,Giants,17,10,0,0,2.72,34,34,226,188,68,20,233,48,1.04,9.25,1.92,2.94,4.9,5524
Brett Cecil,Blue Jays,5,2,2,14,2.91,0,55,55,43,18,5,67,19,1.14,10.98,3.15,2.95,1.1,2660
Liam Hendriks,Athletics,3,2,0,14,2.99,0,55,55,49,18,5,54,10,1.08,8.82,1.62,2.96,1,3548
Shawn Kelley,Nationals,4,3,4,16,3.04,0,65,65,53,22,6,76,22,1.16,10.48,3.07,2.97,1.2,7773
Jacob deGrom,Mets,14,9,0,0,3,32,32,202,172,67,17,210,52,1.11,9.34,2.3,2.98,4.9,10954
Jeurys Familia,Mets,3,2,42,2,2.85,0,65,65,54,21,5,70,19,1.12,9.74,2.66,2.98,1.4,5114
Will Smith,Brewers,3,2,0,10,3.02,0,45,45,36,15,4,58,17,1.16,11.55,3.3,2.99,0.5,8048
Sergio Romo,Giants,5,3,9,15,2.81,0,65,65,55,20,6,68,15,1.07,9.38,2.06,2.99,1,9817
Ken Giles,Astros,4,3,34,4,2.99,0,65,65,53,22,5,76,24,1.18,10.54,3.3,3.01,1.5,12910
Noah Syndergaard,Mets,12,9,0,0,3.12,31,31,182,154,63,18,203,46,1.1,10.02,2.3,3.02,4.3,11762
Corey Kluber,Indians,15,10,0,0,3.17,32,32,216,189,76,20,225,47,1.09,9.39,1.95,3.02,5.4,2429
Matt Harvey,Mets,13,9,0,0,3,32,32,209,178,70,17,204,48,1.08,8.82,2.05,3.03,4.9,11713
Jason Grilli,Braves,5,3,20,9,2.95,0,65,65,53,21,6,75,21,1.14,10.44,2.96,3.04,1.2,521
David Price,Red Sox,15,8,0,0,3.17,34,34,213,193,75,21,216,41,1.1,9.11,1.75,3.05,5.1,3184
Sean Doolittle,Athletics,4,3,35,1,2.96,0,65,65,54,21,7,73,16,1.07,10.16,2.19,3.06,1.3,1581
Carson Smith,Red Sox,3,2,0,13,3.09,0,55,55,47,19,4,60,20,1.2,9.86,3.21,3.06,0.7,13172
Gerrit Cole,Pirates,15,11,0,0,3.19,32,32,206,185,73,15,197,51,1.15,8.61,2.23,3.07,4.5,13125
Tony Watson,Pirates,4,2,1,17,2.93,0,65,65,57,21,4,60,16,1.11,8.27,2.17,3.1,1,3132
Nate Jones,White Sox,3,2,0,10,3.27,0,45,45,38,16,4,53,16,1.2,10.5,3.23,3.12,0.5,4696
Jake McGee,Rockies,4,3,28,5,3.16,0,65,65,55,23,6,74,20,1.16,10.25,2.81,3.13,1.5,7550
Jon Lester,Cubs,15,9,0,0,3.07,32,32,210,184,72,19,207,50,1.11,8.85,2.15,3.15,4.7,4930
Zack Greinke,Diamondbacks,15,9,0,0,2.89,32,32,212,185,68,19,198,46,1.09,8.39,1.93,3.15,4.7,1943
Silvino Bracho,Diamondbacks,1,1,0,1,3.01,0,25,25,20,8,3,30,7,1.1,10.75,2.59,3.16,0.1,15051
Hector Rondon,Cubs,4,3,43,1,3.02,0,65,65,56,22,5,65,19,1.15,8.94,2.62,3.16,1.2,2391
Mike Broadway,Giants,1,1,0,1,3.03,0,20,20,17,7,2,21,6,1.14,9.48,2.73,3.16,0,9894
Koji Uehara,Red Sox,6,3,4,14,3.01,0,65,65,55,22,8,71,14,1.07,9.85,1.94,3.16,1.1,9227
Felix Hernandez,Mariners,15,11,0,0,3.23,34,34,224,199,81,20,217,56,1.14,8.72,2.23,3.17,4.9,4772
Rafael Martin,Nationals,2,1,0,1,3.17,0,25,25,21,9,2,29,8,1.17,10.32,2.97,3.17,0.1,10258
Justin Grimm,Cubs,4,3,0,17,2.98,0,55,55,43,18,5,65,22,1.19,10.56,3.6,3.17,0.8,11720
Chris Hatcher,Dodgers,4,3,3,16,3.22,0,65,65,56,23,6,70,19,1.14,9.74,2.58,3.18,1,3299
Leonel Campos,Padres,1,1,0,1,3.24,0,15,15,12,5,1,19,7,1.27,11.22,4.39,3.18,0,12277
Pedro Strop,Cubs,5,2,2,17,2.9,0,65,65,49,21,5,76,26,1.16,10.54,3.62,3.2,1,4070
Keone Kela,Rangers,6,3,1,15,3.28,0,55,55,47,20,5,61,20,1.21,10,3.22,3.21,0.9,14696
Fernando Salas,Angels,3,3,0,16,3.23,0,55,55,48,20,6,57,13,1.11,9.31,2.17,3.23,0.7,4971
Yimi Garcia,Dodgers,3,2,1,17,3.02,0,55,55,45,18,6,62,15,1.08,10.15,2.39,3.24,0.7,12095
Francisco Liriano,Pirates,12,9,0,0,3.27,31,31,184,156,67,14,192,70,1.23,9.4,3.44,3.24,3.6,3201
Blake Treinen,Nationals,3,2,0,17,3.24,0,55,55,50,20,4,51,19,1.26,8.34,3.08,3.25,0.7,12572
Chris Archer,Rays,13,10,0,0,3.22,32,32,196,167,70,17,204,64,1.18,9.34,2.95,3.25,4.1,6345
Johnny Cueto,Giants,15,10,0,0,2.98,32,32,216,188,72,17,187,53,1.11,7.77,2.19,3.26,3.8,6893
Shae Simmons,Braves,1,1,0,3,3.25,0,30,30,25,11,2,33,13,1.27,10.02,4,3.26,0.1,14200
Kelvin Herrera,Royals,4,2,1,15,3.1,0,55,55,46,19,4,56,20,1.19,9.21,3.23,3.26,0.7,6033
Arodys Vizcaino,Braves,3,2,10,12,3.21,0,65,65,54,23,5,71,25,1.22,9.89,3.49,3.27,0.8,5498
Jordan Walden,Cardinals,3,2,0,14,3.13,0,55,55,45,19,5,62,22,1.21,10.12,3.64,3.28,0.5,3271
Carlos Martinez,Cardinals,12,9,0,0,3.41,29,29,170,155,64,12,166,58,1.25,8.79,3.07,3.28,3.4,11682
Tyson Ross,Padres,11,11,0,0,3.43,31,31,188,166,72,12,187,72,1.27,8.94,3.46,3.28,3.7,7872
Corey Knebel,Brewers,3,2,4,14,3.28,0,55,55,45,20,5,67,22,1.2,10.97,3.53,3.28,0.8,15010
Adam Wainwright,Cardinals,14,10,0,0,3.32,29,29,195,187,72,16,156,41,1.17,7.22,1.89,3.29,3.8,2233
Dallas Keuchel,Astros,15,10,0,0,3.17,32,32,217,200,76,18,188,54,1.17,7.79,2.26,3.29,4.8,9434
Cory Mazzoni,Padres,0,1,0,1,3.48,0,10,10,9,4,1,10,3,1.22,9.14,2.86,3.31,0,12537
Jeremy Jeffress,Brewers,3,3,33,2,3.38,0,65,65,60,24,4,63,24,1.29,8.74,3.31,3.32,1.1,9490
Oliver Perez,Nationals,4,2,0,14,3.25,0,55,55,46,20,5,63,21,1.22,10.38,3.42,3.32,0.5,1514
Tony Sipp,Astros,3,2,0,10,3.08,0,45,45,36,15,5,53,15,1.13,10.55,2.98,3.32,0.4,8280
Jeff Samardzija,Giants,12,10,0,0,3.37,31,31,202,186,75,18,175,46,1.15,7.83,2.04,3.34,3.3,3254
Nick Vincent,Mariners,2,2,0,5,3.3,0,35,35,30,13,3,37,11,1.19,9.52,2.87,3.34,0.1,7555
Miguel Socolovich,Cardinals,1,1,0,1,3.34,0,20,20,18,7,2,19,7,1.24,8.68,3.17,3.35,0,6697
Roberto Osuna,Blue Jays,4,2,31,4,3.16,0,65,65,53,23,7,73,21,1.14,10.06,2.89,3.35,1.1,13764
Glen Perkins,Twins,3,3,36,1,3.36,0,65,65,59,24,7,66,16,1.16,9.09,2.18,3.36,1,8041
Pedro Baez,Dodgers,2,2,0,11,3.36,0,45,45,39,17,5,46,13,1.16,9.11,2.55,3.37,0.3,5420
Darren O'Day,Orioles,4,3,4,13,3.06,0,65,65,54,22,7,71,18,1.1,9.77,2.44,3.37,1.1,3321
Josh Fields,Astros,3,3,0,13,3.39,0,55,55,46,21,6,63,21,1.21,10.34,3.43,3.37,0.6,5070
Drew Storen,Blue Jays,3,2,8,12,3.18,0,65,65,57,23,6,66,18,1.15,9.1,2.5,3.37,1,6983
Mike Dunn,Marlins,5,4,2,16,3.27,0,65,65,53,24,6,74,28,1.23,10.21,3.81,3.38,0.7,9948
Junichi Tazawa,Red Sox,4,3,2,15,3.46,0,55,55,52,21,6,53,14,1.2,8.63,2.29,3.38,0.6,4079
Luke Gregerson,Astros,5,4,9,13,3.33,0,65,65,59,24,6,61,16,1.15,8.43,2.26,3.38,1,4090
Hyun-Jin Ryu,Dodgers,3,3,0,0,3.43,8,8,47,44,18,4,40,11,1.18,7.63,2.11,3.39,0.9,14444
Evan Scribner,Mariners,1,1,0,1,3.43,0,25,25,22,10,3,26,5,1.09,9.36,1.72,3.4,0.1,7525
Tony Zych,Mariners,2,2,0,16,3.46,0,55,55,50,21,5,53,15,1.18,8.67,2.42,3.41,0.6,12876
Felipe Rivero,Nationals,2,1,0,6,3.32,0,35,35,31,13,3,32,12,1.21,8.31,2.98,3.41,0.1,12076
Santiago Casilla,Giants,4,3,36,5,3.03,0,65,65,55,22,4,58,23,1.2,8.06,3.2,3.41,0.6,2873
Kevin Quackenbush,Padres,3,3,2,12,3.39,0,55,55,48,21,5,56,21,1.24,9.21,3.37,3.41,0.4,12360
Kevin Siegrist,Cardinals,4,3,1,17,3.07,0,65,65,51,22,6,78,29,1.22,10.77,3.95,3.41,0.8,8180
Ryan Madson,Athletics,3,3,2,14,3.33,0,65,65,59,24,6,63,20,1.2,8.72,2.71,3.41,0.8,1852
Brad Boxberger,Rays,3,2,0,11,3.19,0,45,45,35,16,5,55,19,1.19,11.09,3.77,3.41,0.3,10133
Gio Gonzalez,Nationals,11,9,0,0,3.58,29,29,170,155,68,13,163,64,1.29,8.64,3.38,3.41,3.1,7448
Nick Wittgren,Marlins,1,0,0,1,3.48,0,10,10,9,4,1,9,2,1.2,7.85,2.23,3.41,0,sa621793
A.J. Ramos,Marlins,4,3,38,2,3.14,0,65,65,51,23,5,73,30,1.25,10.16,4.21,3.42,0.7,8350
Shawn Armstrong,Indians,1,1,0,1,3.35,0,25,25,20,9,2,31,11,1.26,11.08,4.08,3.42,0.1,12857
Michael Pineda,Yankees,11,8,0,0,3.6,26,26,153,148,61,18,137,25,1.13,8.08,1.5,3.42,3.3,5372
Antonio Bastardo,Mets,3,3,0,16,3.28,0,55,55,43,20,5,65,25,1.23,10.56,4.08,3.43,0.6,8844
Jumbo Diaz,Reds,3,3,2,15,3.33,0,65,65,55,24,7,69,21,1.18,9.6,2.96,3.43,0.9,3397
Kenta Maeda,Dodgers,12,9,0,0,3.36,29,29,185,172,69,18,164,43,1.16,7.97,2.09,3.44,3.3,18498
Jaime Garcia,Cardinals,8,6,0,0,3.4,19,19,114,110,43,9,90,29,1.21,7.11,2.27,3.44,2,8137
Francelis Montas,Dodgers,1,0,0,1,3.35,0,10,10,8,4,1,11,4,1.23,9.53,3.43,3.44,0,14309
Garrett Richards,Angels,13,9,0,0,3.37,31,31,195,173,73,15,175,66,1.22,8.07,3.03,3.44,3.5,9784
Joe Blanton,Dodgers,2,2,0,6,3.56,0,35,35,33,14,4,35,8,1.16,8.88,2.02,3.45,0.1,4849
John Holdzkom,Pirates,1,1,0,1,3.4,0,15,15,12,6,1,17,8,1.33,10.16,4.68,3.45,0,9392
Oliver Drake,Orioles,1,0,0,1,3.4,0,10,10,8,4,1,11,4,1.26,10.04,3.76,3.45,0,8823
Hansel Robles,Mets,4,3,0,14,3.33,0,55,55,45,20,6,61,19,1.16,9.98,3.05,3.46,0.4,11801
Joe Smith,Angels,4,3,4,14,3.31,0,65,65,59,24,5,56,19,1.2,7.78,2.65,3.47,0.7,3281
Jerry Blevins,Mets,1,1,0,1,3.28,0,20,20,17,7,2,21,7,1.19,9.3,3.04,3.47,0,7841
Steven Matz,Mets,11,9,0,0,3.48,28,28,159,143,61,15,155,51,1.22,8.79,2.91,3.47,2.8,13361
Xavier Cedeno,Rays,3,3,2,16,3.23,0,55,55,48,20,5,57,19,1.2,9.29,3.03,3.48,0.5,36
Neil Ramirez,Cubs,2,2,0,6,3.2,0,35,35,28,12,3,39,14,1.22,10.01,3.67,3.48,0.1,7677
Joakim Soria,Royals,3,2,1,15,3.19,0,65,65,56,23,6,63,19,1.16,8.74,2.66,3.48,0.8,6941
Addison Reed,Mets,4,4,5,15,3.48,0,65,65,58,25,7,65,21,1.22,8.98,2.91,3.48,0.7,10586
Michael Mariot,Phillies,0,0,0,1,3.53,0,10,10,9,4,1,11,3,1.23,9.48,3.08,3.48,0,10835
Yu Darvish,Rangers,9,6,0,0,3.44,21,21,132,112,51,15,151,48,1.21,10.28,3.23,3.49,2.7,13074
Wei-Yin Chen,Marlins,12,9,0,0,3.32,32,32,196,187,72,19,159,42,1.17,7.31,1.94,3.49,3.2,13071
Raudel Lazo,Marlins,2,2,0,3,3.54,0,30,30,28,12,3,27,10,1.25,8.12,2.9,3.49,0.1,14077
Sean Gilmartin,Mets,1,1,0,1,3.42,0,25,25,23,10,2,23,8,1.23,8.37,2.96,3.5,0,12781
Adam Liberatore,Dodgers,2,1,0,1,3.42,0,25,25,22,10,2,25,9,1.23,9.03,3.21,3.5,0,10637
Adam Ottavino,Rockies,1,0,0,1,3.52,0,15,15,13,6,2,16,5,1.24,9.43,3.07,3.51,0,1247
Danny Farquhar,Rays,3,3,27,8,3.46,0,65,65,57,25,6,66,22,1.21,9.1,2.98,3.51,0.8,8501
Danny Salazar,Indians,12,10,0,0,3.49,29,29,173,150,67,20,182,50,1.16,9.49,2.61,3.51,3.2,5867
Adam Warren,Cubs,6,4,0,7,3.33,11,51,96,85,35,8,85,31,1.21,8.01,2.87,3.51,1.3,9029
Charlie Furbush,Mariners,1,1,0,1,3.31,0,20,20,17,7,2,21,6,1.18,9.43,2.86,3.51,0,1370
Brandon Maurer,Padres,4,4,4,13,3.5,0,65,65,60,25,6,59,21,1.23,8.18,2.85,3.51,0.6,4878
Jonathan Papelbon,Nationals,4,3,41,2,3.31,0,65,65,60,24,6,56,15,1.16,7.8,2.11,3.52,0.7,5975
Josh Osich,Giants,2,2,0,15,3.29,0,55,55,48,20,5,53,21,1.25,8.75,3.51,3.52,0.2,11528
Daniel Hudson,Diamondbacks,3,2,9,13,3.4,0,65,65,57,25,7,66,22,1.22,9.09,3.09,3.52,0.7,7146
Zach McAllister,Indians,3,3,1,15,3.65,0,55,55,52,22,6,52,16,1.23,8.54,2.64,3.53,0.6,2895
Tyler Lyons,Cardinals,3,3,0,9,3.52,3,43,59,55,23,7,54,12,1.15,8.32,1.88,3.53,0.5,11334
Scott Kazmir,Dodgers,10,8,0,0,3.48,28,28,162,146,63,17,150,44,1.17,8.37,2.44,3.53,2.7,4897
Cory Gearrin,Giants,2,2,0,3,3.42,0,30,30,26,11,2,29,11,1.25,8.56,3.36,3.53,0,7947
Jose Quintana,White Sox,11,10,0,0,3.71,32,32,203,201,84,20,172,50,1.24,7.61,2.22,3.53,4.1,11423
Ian Krol,Braves,1,1,0,1,3.5,0,15,15,13,6,1,16,6,1.26,9.65,3.63,3.54,0,10066
Sonny Gray,Athletics,13,10,0,0,3.47,32,32,212,195,82,18,178,66,1.23,7.58,2.8,3.54,3.7,12768
Sam Dyson,Rangers,4,3,3,15,3.53,0,65,65,63,26,6,57,19,1.26,7.84,2.68,3.55,0.9,11710
Zach Putnam,White Sox,4,3,1,15,3.58,0,55,55,48,22,5,59,23,1.28,9.69,3.73,3.56,0.6,9080
Cam Bedrosian,Angels,2,2,0,8,3.58,0,40,40,34,16,3,44,18,1.31,9.95,4.16,3.56,0.2,13360
Mark Lowe,Tigers,3,3,1,14,3.59,0,65,65,59,26,7,65,20,1.22,9,2.83,3.56,0.8,7416
Clay Buchholz,Red Sox,11,8,0,0,3.79,28,28,168,164,71,16,144,46,1.25,7.7,2.45,3.56,2.9,3543
Al Alburquerque,Angels,1,1,0,1,3.52,0,20,20,17,8,2,22,9,1.28,9.76,3.91,3.57,0,6324
Brett Anderson,Dodgers,2,2,0,0,3.65,5,5,28,28,11,2,20,8,1.28,6.46,2.42,3.57,0.5,8223
Alex Cobb,Rays,3,3,0,0,3.47,8,8,49,45,19,4,42,15,1.23,7.75,2.74,3.57,0.8,6562
Shawn Tolleson,Rangers,4,3,37,2,3.42,0,65,65,58,25,8,67,19,1.18,9.22,2.58,3.57,0.9,10481
Chad Qualls,Rockies,4,2,4,15,3.8,0,55,55,55,23,5,45,13,1.24,7.43,2.1,3.58,0.7,2170
Justin Wilson,Tigers,3,2,1,14,3.53,0,55,55,48,22,5,54,22,1.27,8.87,3.59,3.58,0.5,4301
Ross Ohlendorf,Reds,5,4,0,13,3.47,0,55,55,49,21,6,55,18,1.22,9.05,3.02,3.59,0.4,8268
Jose De Leon,Dodgers,1,0,0,0,3.6,2,2,9,8,4,1,10,3,1.2,10,3.04,3.59,0.1,sa738334
Drew Pomeranz,Padres,9,10,0,5,3.45,21,56,157,136,60,15,161,60,1.25,9.22,3.45,3.59,2,11426
Jonathan Broxton,Cardinals,3,3,0,17,3.6,0,55,55,50,22,5,51,19,1.25,8.28,3.08,3.59,0.4,4759
Hisashi Iwakuma,Mariners,10,9,0,0,3.62,28,28,169,163,68,20,140,29,1.14,7.44,1.55,3.6,2.8,13048
Jeff Walters,Mets,1,1,0,1,3.63,0,10,10,9,4,1,9,3,1.23,8.16,2.82,3.6,0,sa328221
Zac Rosscup,Cubs,0,0,0,1,3.41,0,10,10,8,4,1,12,5,1.28,10.94,4.42,3.6,0,9419
Andrew Chafin,Diamondbacks,2,2,0,11,3.43,0,45,45,41,17,3,38,17,1.28,7.64,3.37,3.6,0.2,12988
Francisco Rodriguez,Tigers,3,2,35,1,3.54,0,65,65,59,26,8,61,17,1.17,8.49,2.36,3.61,0.8,1642
Steve Cishek,Mariners,4,4,32,5,3.7,0,65,65,60,27,6,61,24,1.3,8.48,3.32,3.61,0.6,6483
Mike Morin,Angels,4,3,0,13,3.55,0,55,55,50,22,6,51,16,1.2,8.38,2.57,3.61,0.3,13442
Alex Wood,Dodgers,10,9,0,1,3.63,24,39,156,149,63,14,132,45,1.25,7.59,2.61,3.61,2.2,13781
Marcus Stroman,Blue Jays,13,9,0,0,3.71,31,31,186,179,77,19,156,47,1.22,7.56,2.28,3.62,3.4,13431
Brandon Morrow,Padres,2,2,0,0,3.88,6,6,37,36,16,3,33,12,1.29,7.92,2.95,3.62,0.6,9346
Masahiro Tanaka,Yankees,12,10,0,0,3.59,29,29,185,171,74,24,172,36,1.12,8.33,1.76,3.63,3.5,15764
Carlos Villanueva,Padres,3,3,2,14,3.6,0,55,55,52,22,5,49,17,1.24,8.04,2.7,3.63,0.4,4138
Matt Andriese,Rays,2,2,0,3,3.56,2,32,39,38,16,4,32,9,1.21,7.27,2.16,3.63,0.2,12022
Jason Frasor, ,3,3,0,0,3.54,0,65,65,58,26,5,62,28,1.32,8.63,3.86,3.63,0.7,1906
Buddy Baumann,Padres,1,1,0,1,3.61,2,22,29,27,12,3,28,11,1.28,8.44,3.3,3.63,0.2,sa501507
Arquimedes Caminero,Pirates,2,2,1,17,3.45,0,55,55,48,21,5,54,21,1.24,8.88,3.37,3.64,0.3,8992
Samuel Tuivailala,Cardinals,1,1,0,1,3.61,0,25,25,21,10,2,28,13,1.35,10.08,4.68,3.64,0,13485
George Kontos,Giants,3,2,0,12,3.43,0,45,45,42,17,4,36,12,1.19,7.24,2.37,3.64,0.1,9486
Brandon McCarthy,Dodgers,3,3,0,0,3.69,8,8,47,46,19,5,39,9,1.18,7.46,1.78,3.64,0.7,4662
Pat Neshek,Astros,3,2,0,8,3.52,0,40,40,36,16,5,38,9,1.14,8.62,2.1,3.64,0.2,4682
Patrick Corbin,Diamondbacks,10,8,0,0,3.59,28,28,160,153,64,16,135,41,1.21,7.61,2.3,3.64,2.5,9323
Derek Law,Giants,0,0,0,1,3.46,0,10,10,9,4,1,10,5,1.32,8.8,4.13,3.64,0,sa502368
John Lackey,Cubs,11,9,0,0,3.51,28,28,176,166,69,19,150,42,1.18,7.65,2.15,3.65,2.8,1507
Luis Garcia,Phillies,1,1,0,1,3.72,0,25,25,23,10,2,24,12,1.38,8.76,4.2,3.65,0,6984
Seth Maness,Cardinals,2,2,0,11,3.61,0,45,45,46,18,4,32,10,1.25,6.32,1.99,3.65,0.2,12235
Junior Guerra,Brewers,2,2,0,5,3.67,0,35,35,30,14,4,41,15,1.27,10.57,3.78,3.65,0.1,5702
Chris Withrow,Braves,1,1,0,1,3.52,0,20,20,16,8,2,23,10,1.3,10.42,4.62,3.65,0,7161
Kyle Crockett,Indians,1,1,0,1,3.59,0,15,15,14,6,1,14,5,1.25,8.28,2.81,3.66,0,15033
Tommy Hunter,Indians,1,1,0,1,3.66,0,20,20,19,8,2,17,5,1.2,7.58,2.2,3.66,0,1157
Neftali Feliz,Pirates,3,3,0,15,3.59,0,55,55,51,22,5,48,19,1.27,7.89,3.06,3.66,0.2,18
Aaron Loup,Blue Jays,1,1,0,1,3.47,0,20,20,18,8,2,18,6,1.23,8.17,2.82,3.67,0,10343
Michael Tonkin,Twins,2,2,0,10,3.74,0,45,45,43,19,5,41,13,1.26,8.14,2.66,3.67,0.2,10315
Steven Okert,Giants,1,1,0,1,3.56,0,25,25,22,10,2,26,11,1.29,9.19,3.87,3.67,0,sa550187
Sammy Solis,Nationals,0,0,0,1,3.74,0,10,10,10,4,1,8,3,1.29,7.24,2.92,3.68,0,11457
Kyle Hendricks,Cubs,8,7,0,0,3.6,24,24,139,134,56,13,109,35,1.22,7.07,2.25,3.68,2.2,12049
James Shields,Padres,10,12,0,0,3.7,32,32,207,192,85,22,194,63,1.23,8.48,2.76,3.68,3.1,7059
Boone Logan,Rockies,3,2,0,11,3.87,0,45,45,41,19,5,50,18,1.3,10,3.56,3.68,0.3,5525
Vincent Velasquez,Phillies,7,8,0,3,3.71,19,49,143,122,59,16,162,57,1.26,10.24,3.62,3.68,1.9,11189
J.P. Howell,Dodgers,3,3,0,14,3.43,0,55,55,50,21,5,49,21,1.28,7.97,3.44,3.69,0.3,8245
Michael Wacha,Cardinals,12,10,0,0,3.6,29,29,174,160,70,17,155,54,1.23,8,2.81,3.69,2.5,14078
Matt Belisle,Nationals,3,2,0,9,3.8,0,40,40,40,17,3,31,13,1.32,6.96,2.88,3.69,0.1,1837
Jharel Cotton,Dodgers,1,1,0,1,3.65,0,10,10,9,4,1,10,3,1.22,9.1,2.94,3.69,0,sa599378
Randall Delgado,Diamondbacks,4,3,0,14,3.53,0,55,55,48,22,6,56,22,1.27,9.19,3.58,3.69,0.3,5985
Marc Rzepczynski,Athletics,2,2,0,7,3.7,0,40,40,38,16,3,37,16,1.33,8.26,3.56,3.69,0.2,6612
Jim Johnson,Braves,3,3,9,12,3.81,0,55,55,54,23,4,45,20,1.34,7.43,3.19,3.7,0.3,3656
Zack Wheeler,Mets,4,4,0,0,3.72,11,11,65,59,27,6,62,25,1.3,8.66,3.49,3.7,1,10310
Drew Smyly,Rays,9,7,0,0,3.47,24,24,141,124,54,18,140,41,1.17,8.94,2.63,3.7,2.2,11760
Carl Edwards,Cubs,1,1,0,1,3.66,2,12,19,15,8,1,23,12,1.39,10.46,5.4,3.7,0.1,13607
Erik Goeddel,Mets,2,2,0,11,3.78,0,45,45,41,19,4,43,17,1.28,8.58,3.44,3.7,0.2,11712
Jose Alvarez,Angels,2,2,0,10,3.58,0,45,45,41,18,4,40,15,1.25,7.9,2.95,3.71,0.2,5358
Mike Bolsinger,Dodgers,3,3,0,0,3.8,8,8,46,43,19,4,43,16,1.29,8.34,3.22,3.71,0.7,11137
Julio Urias,Dodgers,1,0,0,0,3.73,2,2,9,8,4,1,9,3,1.27,8.5,3.24,3.71,0.1,sa736324
Will Harris,Astros,4,3,0,16,3.5,0,55,55,48,21,6,55,19,1.21,9.02,3.08,3.71,0.5,3192
Jake Diekman,Rangers,3,3,0,13,3.81,0,55,55,48,23,5,59,26,1.35,9.6,4.31,3.71,0.4,5003
Dario Alvarez,Mets,1,1,0,1,3.56,0,15,15,13,6,2,17,7,1.29,9.99,3.93,3.71,0,14239
Brad Brach,Orioles,4,3,2,14,3.58,0,55,55,46,22,6,59,23,1.26,9.66,3.8,3.72,0.5,6627
Cesar Vargas,Padres,0,0,0,1,3.69,0,10,10,9,4,1,9,3,1.28,8.3,3.09,3.72,0,sa507176
Brad Ziegler,Diamondbacks,3,3,35,4,3.39,0,65,65,63,25,4,44,21,1.29,6.06,2.84,3.72,0.5,7293
Raisel Iglesias,Reds,9,10,0,0,3.68,29,29,170,158,70,20,164,49,1.21,8.67,2.58,3.72,2.8,17130
Evan Marshall,Diamondbacks,3,2,0,8,3.73,0,40,40,38,17,3,35,15,1.32,7.76,3.28,3.72,0.1,12297
Matt Thornton,Padres,2,2,0,10,3.57,0,45,45,43,18,3,33,13,1.26,6.62,2.68,3.73,0.1,1918
Lance McCullers,Astros,8,6,0,0,3.74,23,23,130,116,54,12,133,55,1.3,9.2,3.76,3.73,2.2,14120
Blaine Hardy,Tigers,1,1,0,1,3.71,0,25,25,23,10,2,22,9,1.3,8.03,3.24,3.73,0,6499
Yordano Ventura,Royals,12,10,0,0,3.66,29,29,172,158,70,16,156,62,1.28,8.16,3.23,3.73,2.7,11855
Zach Lee,Dodgers,1,1,0,0,3.81,3,3,18,18,8,2,14,4,1.22,6.76,1.97,3.73,0.3,11468
Cory Rasmus,Angels,2,1,0,3,3.55,0,30,30,25,12,3,32,13,1.27,9.55,3.82,3.73,0.1,2413
Kevin Jepsen,Twins,3,3,1,15,3.7,0,65,65,60,27,6,61,25,1.3,8.49,3.45,3.73,0.6,6475
Dominic Leone,Diamondbacks,1,1,0,1,3.75,0,15,15,14,6,1,14,6,1.32,8.38,3.78,3.73,0,13763
Tyler Skaggs,Angels,3,3,0,0,3.73,8,8,48,45,20,4,42,17,1.28,7.74,3.11,3.73,0.7,10190
Andrew Cashner,Padres,9,12,0,0,3.93,29,29,175,172,76,17,142,53,1.29,7.32,2.72,3.74,2.5,8782
Rick Porcello,Red Sox,11,9,0,0,4.01,26,26,160,166,71,17,122,35,1.26,6.85,1.96,3.74,2.4,2717
Casey Fien,Twins,4,3,0,13,3.74,0,55,55,54,23,7,45,12,1.19,7.44,1.89,3.74,0.3,3926
Spencer Patton,Cubs,0,0,0,1,3.64,0,10,10,8,4,1,11,4,1.23,10.05,3.57,3.74,0,12361
Robbie Ross,Red Sox,2,1,0,10,3.81,0,45,45,44,19,4,38,15,1.31,7.69,2.98,3.75,0.2,6819
Dan Jennings,White Sox,1,1,0,5,3.92,0,35,35,34,15,3,31,14,1.37,8.08,3.64,3.75,0.1,8073
Trevor May,Twins,3,3,1,15,4,0,55,55,54,24,6,51,17,1.29,8.38,2.82,3.75,0.4,6398
Joaquin Benoit,Mariners,4,4,11,12,3.35,0,65,65,55,24,7,64,22,1.18,8.85,3.06,3.75,0.4,1437
Caleb Cotham,Reds,2,2,0,5,3.66,0,35,35,32,14,4,35,11,1.21,8.94,2.75,3.76,0,10075
Jon Edwards,Padres,2,2,0,8,3.64,0,40,40,32,16,4,48,23,1.37,10.79,5.14,3.76,0.1,1483
Louis Coleman,Dodgers,2,2,0,9,3.59,0,40,40,36,16,4,39,15,1.27,8.74,3.39,3.77,0.1,9720
Josh Edgin,Mets,1,0,0,1,3.57,0,10,10,9,4,1,10,4,1.29,8.72,3.65,3.77,0,10796
Anibal Sanchez,Tigers,10,9,0,0,3.9,26,26,156,148,68,18,139,45,1.24,7.99,2.62,3.77,2.5,3284
Chris Capuano,Brewers,1,1,0,1,3.96,0,20,20,19,9,2,18,7,1.31,8.28,2.97,3.77,0,1701
David Phelps,Marlins,5,5,1,14,3.77,8,63,102,98,43,10,85,32,1.28,7.5,2.86,3.77,0.7,6316
Ian Thomas,Dodgers,1,1,0,1,3.73,0,10,10,9,4,1,10,4,1.26,8.88,3.21,3.77,0,13881
Enrique Burgos,Diamondbacks,1,1,0,1,3.77,0,20,20,16,8,2,25,11,1.36,11.11,5,3.77,0,3895
Eric O'Flaherty,Braves,1,2,0,5,3.9,0,35,35,35,15,3,27,13,1.36,6.94,3.32,3.78,0,5746
Mychal Givens,Orioles,2,2,0,9,3.69,0,45,45,39,18,5,47,19,1.29,9.39,3.86,3.78,0.2,10430
Keith Hessler,Diamondbacks,1,0,0,1,3.7,0,10,10,9,4,1,9,3,1.25,8.5,2.95,3.79,0,12220
Clayton Blackburn,Giants,1,1,0,0,3.75,2,2,9,9,4,1,7,3,1.25,7,2.55,3.79,0.1,sa598302
Cole Hamels,Rangers,12,9,0,0,3.75,32,32,212,202,88,24,184,59,1.23,7.81,2.49,3.79,3.6,4972
Yusmeiro Petit,Nationals,3,3,0,11,3.86,3,48,64,62,27,9,57,13,1.18,8.03,1.9,3.79,0.4,4020
Dean Kiekhefer,Cardinals,1,1,0,1,3.78,0,15,15,15,6,1,10,3,1.23,6.11,1.8,3.79,0,sa526393
Nicholas Goody,Yankees,1,1,0,1,3.8,0,20,20,17,8,2,22,8,1.28,9.72,3.66,3.8,0,13685
Zach Duke,White Sox,4,3,1,15,3.69,0,65,65,57,27,7,69,28,1.31,9.59,3.86,3.8,0.6,3840
Travis Wood,Cubs,4,4,0,11,3.58,5,50,73,65,29,8,71,26,1.25,8.71,3.26,3.8,0.5,9884
Huston Street,Angels,3,3,38,2,3.59,0,65,65,59,26,8,58,20,1.2,8.02,2.7,3.8,0.4,8258
Carlos Torres,Brewers,1,2,0,1,3.74,0,25,25,23,10,3,24,9,1.28,8.5,3.12,3.81,0,7624
Javier Lopez,Giants,1,1,0,6,3.47,0,35,35,32,13,2,26,14,1.31,6.62,3.66,3.81,0,1663
Bryan Shaw,Indians,3,4,1,15,3.74,0,65,65,61,27,7,56,21,1.25,7.76,2.87,3.81,0.5,8110
Burke Badenhop,Nationals,1,1,0,1,3.85,0,15,15,16,6,1,9,4,1.32,5.62,2.45,3.81,0,9736
Ryan Dull,Athletics,2,2,0,3,3.79,0,30,30,28,13,3,28,10,1.25,8.41,2.93,3.81,0.1,13974
Jake Odorizzi,Rays,10,9,0,0,3.62,28,28,161,145,65,19,148,47,1.2,8.27,2.66,3.82,2.3,6397
Collin McHugh,Astros,12,10,0,0,3.79,31,31,185,176,78,21,157,49,1.22,7.64,2.41,3.82,2.9,7531
Deolis Guerra,Angels,1,1,0,1,3.73,0,15,15,14,6,2,14,4,1.23,8.3,2.68,3.82,0,8410
Akeel Morris,Mets,0,0,0,1,3.76,0,10,10,8,4,1,12,6,1.37,10.69,4.99,3.82,0,12185
Ryan Buchter,Padres,0,0,0,1,3.75,0,10,10,8,4,1,11,6,1.42,10.25,5.45,3.82,0,9456
Matt Grace,Nationals,1,0,0,1,3.82,0,10,10,10,4,1,7,4,1.36,6.7,3.22,3.82,0,11449
Josh Johnson, ,4,6,0,0,4.16,15,15,83,84,39,8,70,28,1.34,7.51,2.98,3.83,1.2,4567
Ryan Webb,Rays,2,2,0,8,3.76,0,40,40,39,17,3,28,12,1.28,6.26,2.67,3.83,0.1,7474
Justin Verlander,Tigers,13,10,0,0,3.84,31,31,195,187,83,22,164,56,1.25,7.56,2.58,3.83,2.9,8700
Josh Smoker,Mets,0,0,0,1,3.85,0,10,10,9,4,1,10,4,1.34,9.12,4.02,3.83,0,sa389911
Logan Verrett,Mets,2,2,0,5,3.86,0,35,35,34,15,4,30,8,1.2,7.59,2.12,3.83,0,12905
Elvis Araujo,Phillies,1,1,0,1,3.91,0,20,20,18,9,2,21,10,1.38,9.25,4.52,3.83,0,12854
Justin Miller,Rockies,3,2,0,14,3.87,0,55,55,51,24,6,53,19,1.29,8.66,3.18,3.83,0.4,8580
Dan Otero,Indians,2,2,0,5,3.87,0,35,35,37,15,3,22,7,1.27,5.64,1.76,3.84,0,7385
Aaron Nola,Phillies,10,11,0,0,3.96,29,29,176,172,77,22,154,41,1.21,7.88,2.1,3.84,2.5,16149
Mario Hollands,Phillies,0,1,0,1,3.91,0,10,10,10,4,1,9,4,1.34,7.87,3.47,3.84,0,10504
Tyler Clippard,Diamondbacks,4,3,0,17,3.3,0,55,55,45,20,7,57,20,1.18,9.32,3.33,3.84,0.2,5640
Tyler Glasnow,Pirates,3,3,0,0,3.8,8,8,47,39,20,4,50,23,1.35,9.58,4.54,3.84,0.6,sa597835
Joe Ross,Nationals,8,7,0,0,3.89,21,21,121,117,52,13,100,36,1.27,7.45,2.66,3.84,1.6,12972
Bartolo Colon,Mets,8,10,0,3,3.98,19,49,143,151,63,17,97,21,1.21,6.14,1.35,3.85,1.5,375
Rafael Montero,Mets,2,2,0,0,3.87,5,5,28,26,12,3,26,10,1.28,8.29,3.13,3.85,0.4,12760
Jesse Chavez,Blue Jays,6,5,0,13,3.89,8,63,103,99,44,13,93,29,1.24,8.14,2.53,3.85,1,5448
Luis Avilan,Dodgers,2,1,0,3,3.69,0,30,30,28,12,3,24,11,1.3,7.28,3.28,3.85,0,2882
Nathan Eovaldi,Yankees,9,9,0,0,4.08,26,26,152,154,69,17,125,44,1.3,7.41,2.63,3.85,2.5,9132
Greg Mahle,Angels,2,2,0,5,3.77,0,35,35,33,15,3,31,13,1.29,7.97,3.24,3.86,0,sa829310
Eduardo Rodriguez,Red Sox,9,7,0,0,3.92,21,21,121,120,53,13,100,36,1.28,7.44,2.64,3.86,1.6,13164
Fernando Rodriguez,Athletics,3,2,0,12,3.77,0,55,55,49,23,6,54,22,1.29,8.88,3.62,3.86,0.2,7558
Anthony DeSclafani,Reds,10,11,0,0,3.9,29,29,177,171,77,19,145,51,1.25,7.38,2.58,3.86,2.6,13050
Josh Martin,Padres,2,2,0,3,3.97,0,30,30,28,13,3,29,11,1.3,8.65,3.37,3.86,0,sa599246
Robbie Ray,Diamondbacks,9,8,0,0,3.86,23,23,129,118,55,13,124,53,1.33,8.63,3.71,3.86,1.7,11486
Blake Wood,Reds,2,3,0,10,3.85,0,45,45,37,19,4,51,24,1.36,10.1,4.71,3.86,0.2,1345
Tom Layne,Red Sox,2,1,0,5,3.88,0,35,35,33,15,3,32,16,1.4,8.1,4.24,3.87,0,7501
Chase Whitley,Rays,1,1,0,1,3.82,0,10,10,10,4,1,8,3,1.27,7.38,2.67,3.87,0,10982
Tony Cingrani,Reds,3,3,0,16,3.57,0,55,55,45,22,7,64,26,1.28,10.54,4.2,3.87,0.3,12555
Phil Hughes,Twins,12,12,0,0,4.15,32,32,194,209,90,26,141,24,1.2,6.52,1.12,3.87,2.8,7450
Michael Blazek,Brewers,3,3,0,13,3.82,0,55,55,52,23,5,49,21,1.31,7.98,3.37,3.88,0.3,9654
Daniel Winkler,Braves,2,3,0,10,3.81,0,45,45,40,19,5,44,15,1.24,8.87,3.09,3.88,0,12237
Bryan Morris,Marlins,3,3,1,16,3.74,0,55,55,53,23,4,43,22,1.38,6.97,3.67,3.88,0.1,10234
Luis Severino,Yankees,10,8,0,0,3.77,26,26,149,136,62,17,139,50,1.25,8.43,3,3.88,2.4,15890
Tony Barnette, ,2,2,0,0,3.86,0,40,40,38,17,4,39,15,1.31,8.68,3.28,3.88,0.1,sa327110
Kyle Barraclough,Marlins,1,1,0,1,3.8,0,25,25,20,11,2,27,16,1.45,9.88,5.77,3.89,0,13713
James Paxton,Mariners,5,5,0,0,4.03,13,13,74,70,33,7,61,28,1.33,7.47,3.37,3.89,0.9,11828
Ryan Pressly,Twins,2,2,0,5,4.05,0,35,35,35,16,3,29,13,1.37,7.38,3.46,3.89,0,7005
Brian Matusz,Orioles,3,2,0,12,3.61,0,55,55,48,22,7,57,20,1.24,9.4,3.31,3.89,0.3,2646
David Hernandez,Phillies,4,4,31,3,3.82,0,65,65,58,28,8,69,24,1.26,9.58,3.33,3.89,0.4,4259
Jeff Manship,Indians,2,2,0,13,3.72,0,55,55,51,23,6,48,19,1.27,7.85,3.15,3.89,0.2,6865
Kyle Lobstein,Pirates,2,3,0,3,4.04,2,32,39,41,18,4,27,12,1.34,6.24,2.71,3.9,0.1,9178
Jacob Lindgren,Yankees,1,1,0,1,3.76,0,10,10,8,4,1,12,5,1.33,10.43,4.37,3.9,0,16215
Jake Peavy,Giants,9,8,0,0,3.68,26,26,152,144,62,17,117,40,1.21,6.95,2.36,3.9,1.4,1051
Brandon Finnegan,Reds,7,7,0,1,3.72,15,40,110,96,45,12,111,45,1.28,9.09,3.68,3.9,1.2,16208
Sean Marshall, ,0,0,0,0,4.63,0,65,65,61,33,6,61,28,1.37,8.49,3.86,3.91,0.2,5905
Alex Claudio,Rangers,1,1,0,1,3.88,0,25,25,25,11,3,20,7,1.27,7.14,2.46,3.91,0,12890
Matt Shoemaker,Angels,5,5,0,1,3.85,13,23,85,81,36,11,71,20,1.19,7.56,2.1,3.91,0.9,4776
Joe Nathan, ,5,3,0,0,4.13,0,65,65,61,30,7,60,27,1.34,8.33,3.71,3.91,0.3,1122
Andrew Heaney,Angels,9,8,0,0,3.79,26,26,151,145,63,16,122,44,1.25,7.3,2.6,3.91,1.8,15423
Nicholas Tropeano,Angels,2,2,0,0,3.95,5,5,28,26,12,3,25,9,1.26,8.26,2.95,3.91,0.3,12385
Daniel Stumpf,Phillies,2,2,0,5,3.75,0,35,35,32,15,4,33,14,1.31,8.41,3.64,3.91,0,sa658129
Trevor Gott,Nationals,2,2,0,3,3.87,0,30,30,29,13,2,24,12,1.37,7.13,3.65,3.91,0,15046
Jared Hughes,Pirates,2,2,0,6,3.66,0,35,35,36,14,2,22,11,1.34,5.77,2.91,3.92,0,9325
Bruce Rondon,Tigers,1,1,0,1,4.04,0,20,20,18,9,2,21,9,1.38,9.32,4.24,3.92,0,5766
Matt Albers,White Sox,2,2,0,13,3.88,0,55,55,55,24,5,41,18,1.32,6.75,2.89,3.92,0.3,4300
Chris Heston,Giants,6,7,0,9,3.79,11,51,106,102,45,9,80,36,1.3,6.85,3.05,3.92,0.6,10302
Chasen Shreve,Yankees,3,3,0,13,3.75,0,55,55,48,23,7,59,23,1.29,9.62,3.73,3.92,0.3,10855
Brandon Gomes,Cubs,1,1,0,1,3.71,0,25,25,23,10,3,23,7,1.22,8.13,2.67,3.92,0,2267
Steve Geltz,Rays,2,2,0,5,3.63,0,35,35,30,14,4,36,14,1.24,9.2,3.57,3.92,0,8402
Trevor Cahill,Cubs,3,3,0,15,3.97,0,55,55,52,24,5,49,23,1.36,8.01,3.81,3.92,0.1,6249
Jason Hammel,Cubs,8,7,0,0,3.84,23,23,130,122,56,16,116,35,1.21,8.03,2.39,3.93,1.6,4538
Jon Niese,Pirates,9,10,0,0,4.07,28,28,162,172,73,14,106,46,1.34,5.89,2.55,3.93,1.8,4424
Brian Ellington,Marlins,1,1,0,1,3.75,0,20,20,18,8,2,18,9,1.36,8.23,4.1,3.93,0,17233
Alex Colome,Rays,3,4,14,12,3.86,0,65,65,62,28,7,54,21,1.28,7.48,2.9,3.93,0.3,6661
Heath Hembree,Red Sox,2,1,0,3,3.92,0,30,30,28,13,3,28,11,1.31,8.36,3.35,3.93,0,11632
Mike Leake,Cardinals,12,11,0,0,3.88,32,32,201,206,87,19,132,51,1.28,5.9,2.26,3.93,2.3,10130
Jose Berrios,Twins,4,4,0,0,4.14,11,11,64,64,30,7,56,19,1.29,7.79,2.64,3.94,0.9,sa657852
Jake Petricka,White Sox,2,2,0,8,3.97,0,40,40,40,18,3,31,16,1.39,6.99,3.56,3.94,0.1,10534
Julio Teheran,Braves,12,12,0,0,3.73,32,32,205,191,85,25,181,61,1.23,7.95,2.67,3.94,2.2,6797
Juan Nicasio,Pirates,7,7,0,0,4.02,23,23,132,126,59,12,111,52,1.35,7.59,3.54,3.94,1.4,7731
Brad Hand,Marlins,2,2,0,9,3.98,0,40,40,39,18,4,32,15,1.35,7.1,3.35,3.94,0,9111
Fernando Rodney,Padres,4,5,33,3,3.77,0,65,65,57,27,6,64,28,1.32,8.85,3.89,3.94,0.2,494
Dalier Hinojosa,Phillies,3,4,6,12,3.88,0,65,65,58,28,7,64,28,1.33,8.87,3.94,3.94,0.3,15671
J.R. Graham,Twins,1,1,0,1,4.1,0,20,20,20,9,2,16,7,1.36,7.18,3.06,3.94,0,12042
Joba Chamberlain,Indians,2,2,0,8,4.02,0,40,40,38,18,4,37,15,1.32,8.31,3.34,3.94,0.1,2692
Nick Rumbelow,Yankees,1,1,0,1,4.02,0,10,10,9,4,1,10,3,1.26,9.04,3.05,3.95,0,14867
Carlos Rodon,White Sox,10,9,0,0,3.95,28,28,168,151,74,19,174,72,1.33,9.32,3.87,3.95,2.5,16137
T.J. McFarland,Orioles,1,1,0,1,3.98,0,20,20,21,9,2,14,7,1.36,6.33,2.99,3.95,0,3237
Andrew Triggs,Athletics,0,0,0,1,3.92,0,10,10,10,4,1,8,3,1.28,6.97,2.65,3.95,0,sa549679
Alexi Ogando,Braves,2,2,1,13,3.79,0,55,55,50,23,6,51,22,1.31,8.38,3.57,3.95,0,10261
Jose Ramirez,Braves,1,1,0,1,3.92,0,25,25,21,11,2,26,13,1.36,9.2,4.56,3.96,0,10171
Edwin Jackson,Marlins,4,5,0,11,4.13,5,50,73,73,34,7,55,25,1.34,6.7,3.09,3.96,0.3,1841
Charlie Morton,Phillies,7,9,0,0,4.1,23,23,130,129,59,12,108,44,1.33,7.48,3.07,3.96,1.7,4676
Jim Henderson,Mets,2,3,0,8,4.06,0,40,40,35,18,5,42,17,1.3,9.51,3.71,3.97,0,6653
Taylor Jordan,Nationals,1,1,0,0,4.11,2,2,9,10,4,1,6,3,1.32,6.03,2.43,3.97,0.1,10466
Carlos Frias,Dodgers,2,3,0,1,4.05,5,25,48,50,22,5,34,14,1.31,6.32,2.56,3.97,0.3,3547
John Lamb,Reds,7,7,0,0,3.85,21,21,121,108,52,15,125,46,1.27,9.3,3.4,3.97,1.6,8493
Jimmy Nelson,Brewers,11,12,0,0,4.1,31,31,181,174,83,18,159,66,1.32,7.89,3.28,3.97,2.5,10547
Homer Bailey,Reds,7,7,0,0,3.93,19,19,121,116,53,14,101,34,1.25,7.53,2.56,3.97,1.6,8362
John Axford,Athletics,3,3,0,9,4.05,0,45,45,41,20,4,46,23,1.41,9.17,4.59,3.98,0.1,9059
Bud Norris,Braves,9,11,0,0,4.08,28,28,161,155,73,18,144,52,1.29,8.04,2.92,3.98,1.7,9492
Jacob Barnes,Brewers,0,1,0,1,4.12,0,10,10,10,5,1,9,4,1.35,8.13,3.47,3.98,0,sa579271
Taijuan Walker,Mariners,10,12,0,0,4.05,31,31,181,171,81,23,166,53,1.24,8.27,2.62,3.98,2.1,11836
Jordan Zimmermann,Tigers,13,10,0,0,3.92,32,32,199,203,87,25,149,40,1.22,6.74,1.79,3.98,2.6,4505
Luke Hochevar,Royals,2,2,0,10,3.68,0,45,45,40,18,6,42,15,1.24,8.3,3.04,3.99,0.1,6943
Kevin Gausman,Orioles,8,7,0,0,4.01,23,23,131,127,58,15,111,42,1.29,7.65,2.93,3.99,1.9,14107
Chaz Roe,Orioles,1,1,0,1,3.91,0,15,15,14,7,2,13,6,1.34,8.05,3.56,3.99,0,9866
Nick Kingham,Pirates,1,1,0,0,4.05,3,3,19,19,8,2,15,6,1.31,6.94,2.8,4,0.2,sa548285
Jesse Hahn,Athletics,8,7,0,0,4.06,23,23,132,131,59,12,96,44,1.33,6.58,3.03,4,1.6,13287
Cody Hall,Diamondbacks,0,0,0,1,3.88,0,10,10,10,4,1,9,4,1.31,7.71,3.23,4,0,12232
Rob Scahill,Pirates,1,1,0,1,3.96,0,25,25,25,11,2,19,9,1.35,6.98,3.25,4,0,9286
Danny Duffy,Royals,6,5,0,13,3.55,6,61,93,84,37,10,78,33,1.26,7.63,3.18,4,0.6,3542
Austin Adams,Indians,1,1,0,1,4.07,0,10,10,10,5,1,9,4,1.35,8.24,3.57,4.01,0,7411
Abel De Los Santos,Nationals,1,1,0,1,3.91,0,20,20,19,9,2,18,7,1.29,8.09,3.04,4.01,0,12962
Tanner Roark,Nationals,8,7,0,0,3.93,23,23,132,135,58,14,90,32,1.26,6.16,2.16,4.01,1.4,8753
Kyle Gibson,Twins,10,11,0,0,4.17,29,29,172,177,80,16,121,56,1.35,6.34,2.92,4.01,2.2,10123
James Pazos,Yankees,1,1,0,1,3.99,0,15,15,14,7,2,15,7,1.34,8.89,3.91,4.02,0,13323
Jeanmar Gomez,Phillies,2,2,2,14,4.05,0,55,55,56,25,5,40,18,1.34,6.54,2.87,4.02,0.2,9033
Zach Phillips,Orioles,1,1,0,3,3.99,0,30,30,28,13,3,29,13,1.36,8.73,3.93,4.02,0.1,99
Tim Cooney,Cardinals,5,5,0,0,4,15,15,83,84,37,9,63,22,1.27,6.79,2.37,4.02,0.9,13762
Martin Perez,Rangers,9,9,0,0,4.18,26,26,149,156,69,15,103,45,1.35,6.24,2.69,4.02,2.1,6902
Wade Miley,Mariners,9,11,0,0,4.18,29,29,175,177,81,18,135,59,1.35,6.97,3.03,4.02,2,8779
C.J. Riefenhauser,Cubs,1,0,0,1,3.88,0,10,10,9,4,1,8,4,1.33,7.51,3.53,4.03,0,11193
Joel Peralta,Mariners,2,3,0,8,4.05,0,40,40,38,18,6,37,11,1.24,8.31,2.55,4.03,0,2332
Jeff Locke,Pirates,8,9,0,0,4.1,26,26,149,149,68,14,113,55,1.36,6.81,3.29,4.03,1.5,2929
Aaron Blair,Braves,2,3,0,0,4.13,8,8,45,44,21,5,41,17,1.34,8.02,3.34,4.03,0.4,sa549491
Joe Kelly,Red Sox,8,7,0,1,4.16,19,39,133,134,61,13,107,49,1.38,7.25,3.33,4.03,1.3,9761
Fernando Abad,Twins,2,2,0,8,3.91,0,40,40,38,17,5,35,13,1.29,7.96,3.03,4.03,0.1,4994
Jonathan Gray,Rockies,7,6,0,0,4.31,19,19,113,115,54,13,100,39,1.36,7.99,3.1,4.03,1.7,14916
Ryan Cook,Mariners,1,1,0,1,4.19,0,10,10,10,5,1,9,4,1.36,8.16,3.69,4.03,0,8855
Aaron Brooks,Cubs,1,1,0,0,4.16,2,2,9,10,4,1,7,2,1.26,6.57,1.95,4.04,0.1,12272
Jonathan Aro,Mariners,1,1,0,1,4.01,0,15,15,14,7,2,13,5,1.31,7.73,3.1,4.04,0,14699
Vidal Nuno,Mariners,3,3,0,13,3.96,2,57,64,62,28,9,56,15,1.21,7.77,2.13,4.05,0.1,9674
Adam Conley,Marlins,6,7,0,0,3.95,19,19,111,108,49,10,85,42,1.34,6.93,3.37,4.06,1,14457
Cory Luebke, ,2,2,0,0,4.15,0,40,40,39,18,5,32,14,1.33,7.27,3.12,4.06,0,1984
Jake Barrett,Diamondbacks,1,2,0,3,3.98,0,30,30,28,13,3,27,12,1.35,8.01,3.72,4.06,0,sa501237
Brett Oberholtzer,Phillies,5,7,0,10,4.22,10,55,101,104,48,13,79,24,1.27,7.03,2.17,4.06,0.7,3855
Zachary Davies,Brewers,1,1,0,0,4.13,3,3,19,18,9,2,15,7,1.35,7.37,3.27,4.06,0.2,13183
Blake Mcfarland,Blue Jays,1,1,0,1,4.09,0,10,10,9,5,1,10,4,1.3,8.79,3.26,4.07,0,sa598555
Shelby Miller,Diamondbacks,11,10,0,0,3.86,31,31,183,172,78,21,152,64,1.29,7.51,3.13,4.07,2,10197
Luke Jackson,Rangers,1,1,0,1,4.1,0,15,15,14,7,2,15,7,1.38,8.98,4.17,4.07,0,11752
Carlos Estevez,Rockies,1,1,0,1,4.2,0,10,10,10,5,1,9,3,1.35,7.93,3.11,4.07,0,sa598491
Alex Wilson,Tigers,2,1,0,3,3.96,0,30,30,31,13,3,20,8,1.3,5.89,2.52,4.07,0,9239
Lucas Giolito,Nationals,5,5,0,0,4.13,16,16,94,91,43,11,83,35,1.34,7.88,3.35,4.08,0.9,sa657908
Michael Montgomery,Mariners,3,3,0,10,4.14,2,47,54,54,25,5,43,19,1.34,7.06,3.2,4.08,0.1,4869
James Russell,Phillies,2,3,0,12,4.07,0,55,55,54,25,6,44,18,1.32,7.15,2.99,4.09,0.1,4089
Giovanni Soto,Indians,0,0,0,1,4.09,0,10,10,10,5,1,9,4,1.39,7.89,3.96,4.09,0,10330
Cesar Ramos,Rangers,0,0,0,1,4.11,0,10,10,10,5,1,8,4,1.36,7.16,3.25,4.09,0,3357
Chris Bassitt,Athletics,8,9,0,0,4.08,26,26,151,148,68,14,117,55,1.34,6.99,3.27,4.09,1.7,12304
Kevin Chapman,Astros,1,1,0,1,4.07,0,20,20,18,9,2,21,11,1.42,9.26,4.79,4.1,0,11240
Mayckol Guaipe,Mariners,0,0,0,1,4.2,0,10,10,10,5,1,8,3,1.31,7.16,2.73,4.1,0,11663
Daniel Burawa,Braves,0,0,0,1,4.07,0,10,10,9,5,1,10,5,1.41,8.74,4.62,4.1,0,11397
Ryan Tepera,Blue Jays,2,1,0,3,4,0,30,30,28,13,4,27,10,1.29,8.11,3.12,4.1,0,10291
Jarred Cosart,Marlins,7,8,0,0,4.02,23,23,130,126,58,10,93,57,1.41,6.43,3.91,4.1,1.1,10304
Colton Murray,Phillies,1,1,0,1,4.13,0,10,10,9,5,1,10,4,1.37,8.72,3.99,4.1,0,12264
Mike Fiers,Astros,9,8,0,0,3.94,26,26,150,139,66,21,138,46,1.23,8.3,2.74,4.1,1.9,7754
Josh Tomlin,Indians,7,8,0,0,4.11,21,21,123,124,56,19,101,22,1.18,7.36,1.59,4.11,1.4,9388
Tyler Duffey,Twins,4,5,0,0,4.39,13,13,75,79,36,9,55,20,1.33,6.6,2.44,4.11,0.9,13758
Tom Wilhelmsen,Rangers,2,2,0,10,4.08,0,45,45,42,20,4,40,21,1.38,8.03,4.14,4.11,0.1,9975
C.J. Wilson,Angels,7,7,0,0,4.09,19,19,117,111,53,12,97,46,1.34,7.47,3.56,4.11,1.1,3580
Matt Barnes,Red Sox,2,2,0,8,4.21,0,40,40,40,19,5,34,14,1.35,7.65,3.21,4.11,0,12863
Alex Meyer,Twins,2,2,0,1,4.29,3,28,44,41,21,5,43,21,1.42,8.84,4.22,4.12,0.2,12833
Alec Mills,Royals,1,1,0,1,4.09,0,10,10,10,5,1,7,3,1.3,6.29,2.36,4.12,0,sa658528
Josh Ravin,Dodgers,1,1,0,1,4.06,0,10,10,9,5,1,11,5,1.39,9.49,4.56,4.12,0,2951
Ryan Vogelsong,Pirates,4,5,0,11,4.24,5,50,73,74,34,8,57,25,1.35,7,3.03,4.12,0.2,1011
Clayton Richard,Cubs,2,2,0,3,4.06,0,30,30,32,14,3,18,7,1.31,5.43,2.2,4.14,0,3551
J.A. Happ,Blue Jays,10,9,0,0,4.14,26,26,148,145,68,19,125,46,1.29,7.6,2.82,4.14,1.8,7410
Ben Rowen,Blue Jays,0,0,0,1,4.09,0,10,10,10,5,1,7,3,1.31,5.95,2.49,4.14,0,10983
Phil Klein,Rangers,1,1,0,1,4.08,0,20,20,18,9,2,19,9,1.38,8.56,4.21,4.14,0,12675
Trevor Bauer,Indians,7,8,0,10,4.08,15,60,130,117,59,16,127,55,1.33,8.84,3.81,4.14,1,12703
Erasmo Ramirez,Rays,8,9,0,1,4.04,21,46,147,144,66,17,113,42,1.26,6.9,2.56,4.14,1.2,10314
R.J. Alvarez,Athletics,1,1,0,1,4.17,0,20,20,18,9,2,20,10,1.39,9.11,4.37,4.14,0,13401
Dan Straily,Reds,4,4,0,8,4.16,5,45,68,65,32,10,65,21,1.26,8.6,2.72,4.15,0.3,9460
John Gant,Braves,3,4,0,8,4.22,5,45,68,66,32,8,61,28,1.37,8.01,3.63,4.15,0.2,sa599212
Joan Gregorio,Giants,0,1,0,1,4.04,0,10,10,9,4,1,9,5,1.39,8,4.19,4.15,0,sa547815
Henderson Alvarez,Athletics,3,3,0,0,4.24,8,8,48,52,22,5,26,11,1.33,4.95,2.14,4.16,0.5,5669
Jason Gurka,Rockies,1,1,0,3,4.26,0,30,30,31,14,3,24,10,1.36,7.28,3.07,4.16,0,8007
Ryan Weber,Braves,0,1,0,0,4.23,2,2,9,10,4,1,6,2,1.27,5.9,1.8,4.16,0.1,10160
J.B. Wendelken,Athletics,1,1,0,1,4.29,0,25,25,25,12,3,21,8,1.31,7.61,2.79,4.16,0,sa658247
Joe Wieland,Mariners,1,1,0,1,4.3,2,12,19,20,9,3,15,5,1.29,6.99,2.34,4.16,0.1,6109
Tommy Kahnle,White Sox,1,1,0,3,4.34,0,30,30,26,14,3,33,17,1.45,9.86,5.15,4.16,0,11384
Tyler Thornburg,Brewers,3,3,0,15,4.15,0,65,65,61,30,7,59,28,1.37,8.15,3.82,4.17,0.2,10688
Miguel Castro,Rockies,3,2,0,9,4.39,0,40,40,39,20,5,37,17,1.41,8.26,3.85,4.17,0.1,15684
Enny Romero,Rays,2,3,2,13,4.19,0,55,55,52,26,6,49,24,1.38,7.97,3.93,4.17,0,4001
A.J. Achter,Angels,1,1,0,1,3.98,0,10,10,9,4,1,9,3,1.28,8,3.13,4.17,0,11387
Jeremy Hellickson,Phillies,8,12,0,0,4.37,28,28,159,161,77,21,133,45,1.3,7.52,2.57,4.17,1.7,4371
Rich Hill,Athletics,10,11,0,0,4.17,28,28,165,149,76,17,159,81,1.39,8.67,4.41,4.18,1.6,4806
Kendry Flores,Marlins,1,1,0,0,4.22,2,2,9,10,4,1,7,3,1.33,6.6,2.8,4.18,0.1,12118
Juan Minaya,Astros,0,1,0,1,4.17,0,15,15,14,7,2,14,7,1.38,8.16,3.91,4.18,0,sa503614
Ricky Nolasco,Twins,5,7,0,0,4.63,18,18,100,109,51,13,75,25,1.35,6.74,2.28,4.18,1.1,3830
Dylan Bundy,Orioles,4,4,0,7,4.05,5,45,68,65,31,8,58,25,1.32,7.7,3.28,4.19,0.4,12917
Jameson Taillon,Pirates,1,2,0,0,4.3,5,5,28,29,13,3,20,10,1.39,6.43,3.27,4.19,0.2,sa548151
Ross Stripling,Dodgers,2,2,0,1,4.27,5,15,38,39,18,4,29,12,1.32,6.78,2.84,4.19,0.2,sa598259
Colin Rea,Padres,6,8,0,0,4.28,19,19,111,112,53,11,85,41,1.38,6.85,3.33,4.19,1,12317
Derek Holland,Rangers,8,8,0,0,4.21,26,26,150,151,70,20,125,46,1.31,7.46,2.73,4.19,1.8,4141
Sean Manaea,Athletics,2,2,0,0,4.24,6,6,37,36,18,4,33,15,1.37,7.87,3.72,4.19,0.4,sa709610
Nate Karns,Mariners,7,8,0,0,4.21,23,23,130,121,61,17,123,49,1.32,8.52,3.4,4.2,1.2,12638
Jacob Faria,Rays,3,4,0,1,4.11,6,21,53,50,24,6,46,21,1.35,7.87,3.55,4.2,0.4,sa598097
Taylor Guerrieri,Rays,1,2,0,1,4.08,3,13,29,28,13,3,22,9,1.3,6.84,2.8,4.2,0.2,sa597787
Ty Blach,Giants,1,1,0,0,4.19,2,2,9,10,4,1,6,2,1.32,5.37,2.34,4.2,0.1,sa658009
Dallas Beeler,Cubs,1,1,0,0,4.17,2,2,9,10,4,1,6,3,1.36,6.11,3.04,4.2,0.1,11471
Matt Cain,Giants,6,7,0,0,4.03,19,19,110,106,49,14,87,33,1.27,7.1,2.73,4.2,0.6,4732
Rubby de la Rosa,Diamondbacks,8,9,0,0,4.22,24,24,141,139,66,18,116,47,1.32,7.4,3.04,4.21,1.3,3862
Jhoulys Chacin,Braves,4,6,0,0,4.23,15,15,85,86,40,9,63,30,1.37,6.66,3.22,4.21,0.6,2608
Edwin Escobar,Red Sox,1,1,0,1,4.23,0,10,10,10,5,1,8,3,1.3,7.06,2.62,4.21,0,10337
Tyler Cravy,Brewers,2,3,0,3,4.2,2,32,39,39,18,5,33,14,1.34,7.59,3.22,4.21,0.1,10770
Luis Perdomo,Padres,0,1,0,0,4.31,2,2,9,9,4,1,7,3,1.36,7.21,3.33,4.21,0.1,5380
Jorge de la Rosa,Rockies,11,10,0,0,4.27,31,31,177,175,84,19,144,70,1.39,7.33,3.56,4.21,2.3,2047
Matt Bowman,Cardinals,2,2,0,6,4.26,0,35,35,36,17,4,24,11,1.34,6.3,2.77,4.22,0,sa658240
Felix Doubront,Athletics,6,7,0,5,4.31,15,50,120,119,57,13,95,46,1.38,7.12,3.43,4.22,0.8,1478
Adalberto Mejia,Giants,1,1,0,0,4.12,2,2,9,9,4,1,7,3,1.36,6.58,3.38,4.22,0,sa596976
Taylor Jungmann,Brewers,8,9,0,0,4.32,23,23,130,126,63,14,114,55,1.38,7.88,3.79,4.22,1.4,13119
Pierce Johnson,Cubs,1,1,0,1,4.1,0,15,15,14,7,2,13,7,1.38,8.02,4.04,4.22,0,sa501771
Tayron Guerrero,Padres,0,1,0,1,4.19,0,10,10,9,5,1,10,5,1.44,8.75,4.69,4.22,0,sa551046
Chase Anderson,Brewers,7,9,0,0,4.32,24,24,136,138,65,18,113,41,1.32,7.49,2.7,4.23,1.5,6895
A.J. Cole,Nationals,1,1,0,0,4.07,3,3,19,19,8,2,14,5,1.28,6.97,2.52,4.23,0.2,11467
Drew Hutchison,Blue Jays,4,3,0,0,4.37,10,10,55,55,27,8,49,17,1.3,7.94,2.75,4.23,0.6,10732
Blake Snell,Rays,6,6,0,0,4.11,15,15,84,75,38,9,82,42,1.4,8.77,4.56,4.24,0.8,sa597786
Noe Ramirez,Red Sox,1,1,0,1,4.11,0,15,15,15,7,2,12,6,1.38,7.18,3.49,4.24,0,12800
Marco Gonzales,Cardinals,1,2,0,0,4.21,5,5,28,28,13,3,21,9,1.33,6.91,2.91,4.24,0.2,15467
Ubaldo Jimenez,Orioles,9,9,0,0,4.27,28,28,157,149,74,18,139,65,1.37,7.98,3.75,4.24,1.9,3374
Matt Moore,Rays,8,9,0,0,4.11,23,23,129,120,59,16,119,52,1.33,8.28,3.66,4.25,1.2,1890
Chad Bettis,Rockies,9,9,0,0,4.46,26,26,151,157,75,19,124,52,1.39,7.41,3.14,4.25,1.9,10587
Drew VerHagen,Tigers,3,3,0,12,4.24,0,55,55,57,26,5,35,21,1.41,5.78,3.44,4.25,0,13424
Manny Banuelos,Braves,3,3,0,0,4.16,10,10,55,51,25,6,48,25,1.39,7.91,4.15,4.25,0.4,5365
Josh Collmenter,Diamondbacks,2,2,0,5,3.96,2,37,44,45,20,6,29,11,1.25,5.97,2.13,4.26,0,7312
Kyle Zimmer,Royals,2,2,0,0,4.25,5,5,28,27,13,3,23,10,1.34,7.3,3.23,4.26,0.3,sa621583
Brian Flynn,Royals,1,1,0,1,4.2,2,17,24,25,11,3,18,9,1.37,6.62,3.18,4.26,0.1,12027
Ervin Santana,Twins,11,12,0,0,4.43,31,31,191,199,94,24,142,58,1.35,6.7,2.74,4.26,1.9,3200
Rookie Davis,Reds,0,1,0,1,4.31,0,10,10,10,5,1,8,3,1.31,7.63,2.83,4.27,0,sa599174
Mat Latos,White Sox,8,9,0,0,4.5,26,26,150,155,75,20,120,47,1.35,7.21,2.83,4.28,1.7,3815
Robbie Erlin,Padres,4,7,0,0,4.47,16,16,93,95,46,12,73,28,1.32,7.04,2.67,4.28,0.7,10354
Hector Neris,Phillies,2,2,0,7,4.23,0,40,40,38,19,5,37,16,1.35,8.37,3.61,4.28,0,11804
Jose Urena,Marlins,1,1,0,0,4.33,3,3,18,20,9,2,11,5,1.36,5.54,2.67,4.28,0.1,11589
Mark Buehrle, ,11,12,0,0,4.25,32,32,202,222,96,23,111,44,1.31,4.93,1.95,4.28,1.8,225
Tyler Chatwood,Rockies,5,5,0,0,4.38,18,18,102,106,50,12,78,35,1.38,6.84,3.05,4.28,1.2,4338
Zachary Godley,Diamondbacks,1,1,0,0,4.28,3,3,18,18,9,2,15,7,1.36,7.27,3.5,4.28,0.1,14862
Trey Haley,Pirates,1,1,0,1,4.2,0,20,20,18,9,2,18,11,1.47,8.15,5,4.29,0,sa456039
Bo Schultz,Blue Jays,0,0,0,1,4.14,0,10,10,10,5,1,8,3,1.3,7.15,2.98,4.29,0,5028
Jordan Lyles,Rockies,7,8,0,0,4.56,23,23,129,139,65,13,90,45,1.42,6.25,3.12,4.3,1.5,7593
Tommy Milone,Twins,7,8,0,0,4.39,23,23,130,136,63,18,99,35,1.32,6.83,2.44,4.3,1.2,7608
Yhonathan Barrios,Brewers,1,1,0,1,4.37,0,15,15,15,7,2,12,6,1.4,7.06,3.55,4.3,0,11166
Tim Lincecum, ,8,10,0,0,4.43,24,24,139,137,68,16,112,56,1.39,7.28,3.62,4.31,1.2,5705
Doug Fister,Astros,9,10,0,0,4.25,28,28,163,176,77,21,106,36,1.3,5.83,1.99,4.31,1.6,9425
Kris Medlen,Royals,8,9,0,0,4.27,24,24,140,147,67,18,96,37,1.31,6.15,2.37,4.31,1.2,9417
Justin Masterson, ,7,8,0,0,4.42,21,21,120,119,59,11,97,53,1.44,7.33,3.97,4.31,1,2038
Hector Santiago,Angels,10,9,0,0,3.88,29,29,168,154,72,21,146,65,1.31,7.83,3.51,4.32,1.2,4026
Ryan O'Rourke,Twins,2,1,0,3,4.28,0,30,30,28,14,4,30,14,1.4,9.01,4.21,4.32,0,10976
Edinson Volquez,Royals,9,9,0,0,4.16,28,28,161,158,75,18,121,60,1.35,6.72,3.36,4.32,1.4,3990
Kendall Graveman,Athletics,8,9,0,0,4.4,24,24,139,148,68,15,88,43,1.37,5.71,2.78,4.32,1.2,15514
Eric Jokisch,Cubs,1,1,0,0,4.28,2,2,9,10,4,1,7,3,1.35,6.31,2.86,4.33,0.1,11157
Zack Jones,Brewers,1,1,0,1,4.33,0,10,10,9,5,1,11,6,1.46,9.71,5.16,4.33,0,sa502134
Scott McGough,Marlins,1,1,0,1,4.31,0,15,15,15,7,1,11,7,1.46,6.46,4.05,4.34,0,12056
Jason Motte,Rockies,4,4,6,14,4.37,0,65,65,67,32,9,52,19,1.32,7.19,2.56,4.34,0.2,5861
J.T. Chargois,Twins,0,0,0,1,4.4,0,10,10,10,5,1,9,5,1.44,7.88,4.19,4.34,0,sa621373
Tom Koehler,Marlins,9,11,0,0,4.27,29,29,171,170,81,19,126,66,1.38,6.64,3.5,4.34,1,6570
Williams Perez,Braves,6,8,0,0,4.4,19,19,112,115,55,12,80,41,1.4,6.42,3.28,4.34,0.7,11592
Vance Worley,Orioles,2,2,0,5,4.43,0,35,35,38,17,5,25,8,1.31,6.36,2.09,4.34,0,6435
CC Sabathia,Yankees,7,8,0,0,4.54,23,23,133,138,67,19,109,39,1.33,7.33,2.64,4.35,1.4,404
Roenis Elias,Red Sox,4,4,0,0,4.4,10,10,55,55,27,6,45,22,1.39,7.39,3.59,4.35,0.4,12673
Mike Foltynewicz,Braves,4,5,0,0,4.4,13,13,74,70,36,9,70,34,1.39,8.47,4.07,4.35,0.4,10811
Nefi Ogando,Marlins,2,2,0,5,4.39,0,35,35,34,17,3,28,17,1.46,7.27,4.44,4.35,-0.1,12253
Dillon Gee,Royals,5,6,0,8,4.29,10,50,97,102,46,13,63,24,1.29,5.86,2.19,4.35,0.4,7396
J.J. Hoover,Reds,4,4,36,1,3.91,0,65,65,57,28,9,63,29,1.32,8.68,4.03,4.36,-0.1,9037
Ian Kennedy,Royals,10,11,0,0,4.29,31,31,180,174,86,26,158,59,1.3,7.88,2.97,4.36,1.5,6986
Daniel Norris,Tigers,6,6,0,0,4.36,16,16,94,93,46,11,80,39,1.4,7.64,3.75,4.36,0.8,13475
Matt Garza,Brewers,8,11,0,0,4.5,28,28,164,170,82,21,124,53,1.36,6.79,2.89,4.36,1.5,3340
Brandon Workman,Red Sox,2,2,0,1,4.52,2,27,34,36,17,5,28,12,1.37,7.26,3.07,4.37,0,11428
Jerad Eickhoff,Phillies,7,10,0,0,4.38,24,24,140,137,68,20,123,47,1.32,7.94,3.04,4.37,1.2,12664
Matthew Wisler,Braves,7,9,0,0,4.32,23,23,132,133,63,18,103,40,1.32,7.07,2.72,4.38,0.8,12804
Michael Feliz,Astros,1,1,0,1,4.46,0,25,25,25,12,3,21,9,1.38,7.67,3.4,4.38,0,11903
Brian Johnson,Red Sox,1,1,0,0,4.37,2,2,9,9,5,1,8,4,1.4,7.27,3.65,4.38,0.1,14272
Stephen Johnson,Reds,1,1,0,1,4.29,0,20,20,18,10,2,20,11,1.46,8.97,5.01,4.38,0,sa658027
Cody Martin,Mariners,1,2,0,3,4.38,0,30,30,29,15,4,27,12,1.36,8.15,3.49,4.38,-0.1,12182
Tim Berry,Marlins,0,1,0,1,4.39,0,10,10,10,5,1,7,4,1.4,6.18,3.28,4.39,0,sa503777
Kirby Yates,Yankees,2,2,0,8,4.17,0,40,40,37,19,6,42,17,1.34,9.41,3.79,4.39,0,9073
Mike Strong,Twins,1,1,0,1,4.33,0,15,15,15,7,2,12,7,1.43,7.2,4.03,4.39,0,sa502184
Scott Feldman,Astros,6,7,0,5,4.4,15,50,120,125,59,15,80,35,1.33,6.01,2.59,4.4,0.7,6283
Scott Alexander,Royals,1,1,0,3,4.2,0,30,30,30,14,3,21,12,1.4,6.34,3.69,4.41,-0.1,10591
Ivan Nova,Yankees,6,7,0,0,4.42,18,18,102,106,50,12,75,32,1.36,6.57,2.85,4.41,1,1994
Ariel Pena,Brewers,1,2,0,0,4.39,5,5,28,26,14,3,27,14,1.42,8.84,4.42,4.41,0.2,10240
Mitchell Harris,Cardinals,2,2,0,3,4.37,0,30,30,30,15,3,22,13,1.43,6.59,3.78,4.42,-0.1,4530
Aaron Sanchez,Blue Jays,10,8,0,1,4.16,21,36,137,131,63,13,103,67,1.44,6.74,4.4,4.42,1.1,11490
Wily Peralta,Brewers,9,12,0,0,4.55,29,29,172,184,87,21,120,57,1.4,6.31,2.98,4.42,1.5,7738
Johnny Barbato,Yankees,2,2,0,5,4.34,0,35,35,34,17,5,32,15,1.38,8.33,3.75,4.43,0,sa548328
David Goforth,Brewers,2,2,0,8,4.44,0,40,40,40,20,4,32,19,1.46,7.29,4.18,4.43,0,12166
Ryan Merritt,Indians,0,1,0,1,4.61,0,10,10,11,5,1,6,2,1.29,5.7,1.61,4.44,0,sa598282
Pat Venditte,Blue Jays,1,1,0,1,4.32,0,25,25,24,12,4,22,9,1.33,7.85,3.29,4.44,0,7108
Andrew Faulkner,Rangers,2,2,0,5,4.38,0,35,35,34,17,4,31,15,1.41,7.93,3.91,4.44,0,12982
Branden Pinder,Yankees,1,2,0,3,4.37,0,30,30,29,15,4,27,11,1.34,8.11,3.4,4.45,0,12093
Jeff Ferrell,Tigers,0,1,0,1,4.55,0,10,10,11,5,1,8,3,1.37,6.89,2.79,4.46,0,11506
Yovani Gallardo,Orioles,11,11,0,0,4.39,31,31,176,187,86,21,115,61,1.41,5.88,3.14,4.46,1.7,8173
Daniel Coulombe,Athletics,0,0,0,1,4.47,0,10,10,9,5,1,9,6,1.53,8.02,5.3,4.47,0,13293
Eric Stults, ,4,5,0,0,4.61,13,13,74,80,38,10,47,19,1.33,5.72,2.28,4.47,0.5,8011
Michael Fulmer,Tigers,1,1,0,0,4.67,2,2,9,10,5,1,7,3,1.39,7.07,2.98,4.47,0.1,sa597764
Danny Reynolds,Astros,1,1,0,1,4.52,0,10,10,10,5,1,8,5,1.47,7.58,4.53,4.47,0,sa501564
Chris Tillman,Orioles,11,11,0,0,4.36,32,32,192,192,93,26,144,65,1.34,6.74,3.06,4.48,1.8,5279
Seth Lugo,Mets,0,1,0,0,4.62,2,2,9,9,5,1,8,3,1.36,7.64,3.14,4.48,0.1,sa599698
Matt Boyd,Tigers,4,4,0,0,4.47,11,11,66,67,33,9,52,21,1.35,7.12,2.9,4.49,0.5,15440
Joseph Biagini,Blue Jays,2,2,0,5,4.26,0,35,35,36,17,4,24,11,1.34,6.22,2.87,4.49,0,sa599307
Arnold Leon,Blue Jays,2,2,0,8,4.57,0,40,40,42,20,6,30,12,1.34,6.78,2.61,4.49,-0.1,5595
Matt Bush, ,0,0,0,0,4.73,0,10,10,10,5,1,9,4,1.49,8.18,4.02,4.5,0,sa253220
Todd Redmond,Orioles,0,1,0,1,4.45,0,10,10,10,5,1,8,3,1.36,6.88,3.13,4.5,0,9943
Tyler Olson,Yankees,3,3,0,1,4.29,5,30,53,53,25,7,39,18,1.35,6.62,3.13,4.5,0.2,14741
Justin Nicolino,Marlins,2,3,0,0,4.49,6,6,38,42,19,4,18,9,1.36,4.33,2.23,4.5,0.2,11754
T.J. House,Indians,1,1,0,0,4.69,3,3,18,20,10,2,12,7,1.47,6.09,3.48,4.51,0.1,9121
Cody Anderson,Indians,7,9,0,0,4.38,24,24,141,147,69,18,88,42,1.34,5.63,2.65,4.51,1,12799
Wandy Rodriguez,Astros,1,2,0,3,4.48,0,30,30,31,15,5,26,10,1.36,7.83,3.05,4.51,0,2586
Matt Koch,Diamondbacks,0,1,0,1,4.52,0,10,10,11,5,1,6,2,1.33,5.49,2.18,4.51,0,sa503235
Taylor Rogers,Twins,1,1,0,0,4.81,2,2,9,10,5,1,6,3,1.43,5.63,2.79,4.51,0.1,sa503168
Scott Oberg,Rockies,1,1,0,1,4.49,0,20,20,20,10,2,17,9,1.45,7.43,3.99,4.52,0,13911
Kyle Lohse, ,8,11,0,0,4.5,28,28,162,171,81,23,109,41,1.31,6.05,2.29,4.52,1,739
Severino Gonzalez,Phillies,1,1,0,1,4.79,0,15,15,16,8,2,11,3,1.31,6.45,1.97,4.52,0,14697
Tanner Scheppers,Rangers,2,2,0,3,4.41,0,30,30,29,15,4,25,13,1.43,7.52,4.04,4.52,0,10267
Kyle Ryan,Tigers,2,2,0,8,4.68,0,40,40,45,21,5,23,12,1.42,5.22,2.72,4.52,-0.1,11753
Mike Pelfrey,Tigers,7,8,0,0,4.8,23,23,129,146,69,14,71,40,1.45,4.94,2.8,4.53,0.9,5203
Henry Owens,Red Sox,3,3,0,0,4.41,8,8,47,45,23,6,40,21,1.42,7.67,4.14,4.53,0.3,13143
Mike Minor,Royals,3,3,0,0,4.26,8,8,48,48,23,7,34,14,1.28,6.44,2.57,4.53,0.3,10021
Chris Stratton,Giants,0,1,0,0,4.46,2,2,9,9,5,1,7,4,1.45,6.6,4.1,4.54,0,sa621598
Archie Bradley,Diamondbacks,5,5,0,0,4.55,15,15,85,82,43,9,70,42,1.47,7.45,4.47,4.54,0.5,12918
Jarlin Garcia,Marlins,0,1,0,0,4.62,2,2,9,10,5,1,6,3,1.4,6,2.94,4.54,0,sa597438
Luis Cessa,Yankees,4,6,0,10,4.73,6,51,83,89,43,12,60,23,1.36,6.58,2.55,4.54,0.3,sa506912
Casey Kelly,Braves,0,1,0,0,4.68,2,2,9,10,5,1,6,3,1.41,6.19,3.2,4.55,0,9174
Evan Rutckyj,Yankees,0,1,0,1,4.32,0,10,10,9,5,1,9,5,1.43,7.89,4.61,4.55,0,sa549263
Sean Nolin,Brewers,0,1,0,0,4.65,2,2,9,9,5,1,7,4,1.41,7.13,3.54,4.56,0.1,11341
Joe Beimel, ,2,3,0,0,4.34,0,65,65,68,31,8,41,23,1.39,5.69,3.18,4.57,-0.3,979
Steven Wright,Red Sox,5,5,0,1,4.56,13,23,85,90,43,11,59,28,1.38,6.19,2.93,4.57,0.4,8185
Andrew Bellatti,Rays,1,1,0,1,4.44,0,20,20,19,10,3,17,7,1.33,7.76,3.24,4.57,0,10657
Chris Rusin,Rockies,4,4,0,6,4.79,6,41,73,83,39,9,44,21,1.43,5.43,2.56,4.58,0.3,9895
Jake Thompson,Phillies,2,3,0,0,4.56,6,6,37,38,19,5,26,13,1.39,6.4,3.24,4.59,0.2,sa526929
Miguel Almonte,Royals,2,2,0,1,4.53,2,27,34,34,17,5,28,13,1.39,7.3,3.51,4.59,0,14139
Kyle Kendrick,Angels,2,3,0,1,4.51,3,28,44,47,22,6,27,12,1.33,5.5,2.37,4.59,0,6230
Aaron Harang, ,8,12,0,0,4.67,28,28,164,177,85,22,109,52,1.39,5.96,2.87,4.6,0.9,1451
Kyle Crick,Giants,1,2,0,1,4.45,2,17,24,20,12,2,26,20,1.65,9.72,7.35,4.6,0,sa597770
Jeff Hoffman,Rockies,1,1,0,1,4.63,2,12,19,21,10,3,14,7,1.44,6.69,3.3,4.6,0.1,sa709602
Jake Esch,Marlins,0,1,0,0,4.66,2,2,9,10,5,1,6,4,1.45,5.75,3.43,4.6,0,sa546977
Williams Jerez,Red Sox,0,1,0,1,4.64,0,10,10,10,5,1,8,4,1.46,7.11,4.03,4.61,0,sa597797
Ross Detwiler,Indians,1,2,0,3,4.72,0,30,30,33,16,4,21,11,1.47,6.17,3.45,4.62,-0.1,2859
Mark Appel,Phillies,1,2,0,0,4.82,5,5,28,29,15,4,22,11,1.43,7.24,3.48,4.62,0.2,sa501726
Matt Marksberry,Braves,0,1,0,1,4.55,0,10,10,10,5,1,9,5,1.48,7.99,4.72,4.63,0,15089
David Hale,Rockies,1,1,0,0,4.96,3,3,19,21,10,2,12,7,1.48,5.81,3.19,4.63,0.2,9756
Jandel Gustave,Astros,0,1,0,1,4.73,0,10,10,10,5,1,7,5,1.49,6.72,4.06,4.63,0,sa550624
Logan Kensing,Tigers,2,2,0,5,4.58,0,35,35,36,18,4,25,15,1.45,6.43,3.8,4.63,-0.1,6166
Shane Greene,Tigers,5,6,0,0,4.92,16,16,92,102,50,12,60,30,1.43,5.91,2.9,4.65,0.5,10756
Donn Roach,Mariners,0,1,0,1,4.81,0,10,10,12,5,1,5,3,1.45,4.24,2.69,4.66,0,10620
Alfredo Simon,Reds,7,9,0,0,4.6,23,23,135,142,69,17,87,45,1.38,5.81,2.98,4.66,0.8,2155
Brandon Beachy,Dodgers,1,1,0,0,4.62,3,3,19,19,9,2,14,8,1.41,6.83,3.68,4.66,0.1,8851
Matt Harrison,Phillies,0,1,0,0,4.73,2,2,9,10,5,1,6,4,1.48,5.76,3.66,4.66,0,5551
Erik Johnson,White Sox,3,4,0,0,4.67,10,10,56,56,29,8,46,24,1.44,7.48,3.85,4.67,0.4,12520
Colby Lewis,Rangers,9,11,0,0,4.81,28,28,165,180,88,25,112,42,1.35,6.14,2.31,4.68,1.1,1259
Pat Dean,Twins,0,1,0,1,4.92,0,10,10,12,5,1,5,2,1.38,4.77,1.89,4.68,0,sa548253
Nick Lee,Nationals,0,0,0,1,4.51,0,10,10,9,5,1,9,7,1.59,8.52,6.09,4.68,0,sa550027
Raul Alcantara,Athletics,1,1,0,1,4.71,0,15,15,16,8,2,8,4,1.39,4.92,2.65,4.7,0,sa548100
Jayson Aquino,Cardinals,0,1,0,1,4.71,0,10,10,11,5,1,6,3,1.41,5.64,2.93,4.7,0,sa550591
Daniel Webb,White Sox,1,1,0,1,4.9,0,25,25,25,14,3,21,14,1.58,7.51,5.15,4.7,0,10558
David Buchanan,Phillies,0,1,0,0,4.93,2,2,9,10,5,1,6,3,1.45,5.42,2.95,4.71,0,11176
John Danks,White Sox,7,10,0,0,4.8,24,24,143,154,77,21,98,45,1.39,6.14,2.82,4.71,0.9,6329
Tyler Anderson,Rockies,1,1,0,0,4.81,3,3,19,20,10,3,13,7,1.44,6.49,3.34,4.71,0.1,sa578009
Jorge Lopez,Brewers,2,4,0,0,4.87,8,8,46,47,25,7,40,19,1.43,7.73,3.66,4.71,0.3,14527
Marco Estrada,Blue Jays,10,9,0,0,4.23,28,28,163,155,76,27,124,49,1.25,6.89,2.69,4.72,0.9,1118
R.A. Dickey,Blue Jays,12,12,0,0,4.31,32,32,204,203,98,28,137,65,1.32,6.07,2.88,4.72,1.1,1245
Keyvius Sampson,Reds,1,2,0,3,4.57,0,30,30,28,15,4,28,16,1.46,8.34,4.7,4.72,-0.1,10039
Tyler Wagner,Diamondbacks,2,3,0,0,4.68,6,6,37,39,19,5,25,14,1.43,6.17,3.42,4.73,0.2,13796
Tyler Wagner,Diamondbacks,2,2,0,0,4.68,5,5,28,29,14,4,19,11,1.43,6.17,3.42,4.73,0.1,13796
Jerome Williams, ,5,8,0,0,5.03,19,19,110,124,62,16,69,32,1.42,5.61,2.59,4.73,0.4,1137
Jered Weaver,Angels,9,11,0,0,4.41,28,28,167,171,82,25,107,44,1.29,5.75,2.38,4.73,0.4,4235
Luis Perdomo,Padres,1,2,0,1,4.82,0,25,25,26,13,3,19,10,1.47,6.68,3.75,4.73,-0.1,sa597248
Jose Valdez,Tigers,0,1,0,1,4.69,0,10,10,10,5,1,8,5,1.5,7.25,4.82,4.75,0,14470
A.J. Griffin,Rangers,5,5,0,0,4.48,15,15,86,87,43,15,69,24,1.29,7.15,2.49,4.76,0.5,11132
Jeremy Guthrie,Padres,1,1,0,0,4.84,3,3,19,21,10,3,12,5,1.4,5.61,2.51,4.76,0,2072
Mike Clevinger,Indians,2,3,0,0,4.81,6,6,37,39,20,6,29,14,1.42,7.12,3.41,4.76,0.2,sa597956
Bryan Mitchell,Yankees,1,2,0,1,4.86,3,13,29,29,16,4,23,14,1.51,7.23,4.41,4.76,0.1,11479
Sal Romano,Reds,0,1,0,1,4.74,0,10,10,10,5,1,7,4,1.44,6.3,3.6,4.77,0,sa599266
Amir Garrett,Reds,1,1,0,1,4.56,0,15,15,14,8,2,13,8,1.5,7.72,4.89,4.78,0,sa599236
Victor Alcantara,Angels,0,1,0,1,4.56,0,10,10,10,5,1,7,5,1.49,6.6,4.69,4.79,0,sa657093
Chien-Ming Wang,Royals,2,2,0,5,4.77,0,35,35,40,19,4,14,10,1.43,3.6,2.5,4.8,-0.1,2074
Mike Wright,Orioles,7,9,0,0,4.78,24,24,137,147,73,20,94,44,1.39,6.14,2.87,4.81,0.8,12586
Chi Chi Gonzalez,Rangers,3,3,0,0,4.82,8,8,47,50,25,5,28,19,1.48,5.35,3.66,4.81,0.2,14663
Mauricio Cabrera,Braves,0,1,0,1,4.8,0,10,10,9,5,1,9,7,1.61,8.26,6.03,4.82,0,sa596857
Damien Magnifico,Brewers,0,1,0,1,4.84,0,10,10,11,5,1,7,4,1.48,6.34,3.84,4.82,0,sa501481
Buck Farmer,Tigers,4,5,0,10,4.96,5,50,73,79,40,11,55,25,1.41,6.75,3.06,4.83,-0.1,14814
Odrisamer Despaigne,Orioles,3,4,0,1,4.87,6,31,63,68,34,9,38,19,1.39,5.46,2.72,4.83,0.2,16017
Gabriel Ynoa,Mets,0,1,0,0,5.04,2,2,9,11,5,1,5,2,1.37,5.27,2.14,4.85,0,sa549128
Chad Billingsley, ,5,7,0,0,5.04,16,16,93,104,52,14,56,28,1.42,5.44,2.69,4.86,0.2,5842
Gavin Floyd,Blue Jays,3,4,0,10,4.75,5,50,73,77,39,12,57,23,1.36,7.03,2.81,4.86,-0.1,3886
Angel Nesbitt,Tigers,0,1,0,1,4.94,0,10,10,11,5,1,7,4,1.5,6.43,3.96,4.86,0,13415
Adrian Houser,Brewers,0,1,0,0,5.06,2,2,9,10,5,1,7,4,1.48,6.89,3.78,4.87,0,12718
Robert Stephenson,Reds,1,1,0,0,4.76,3,3,19,17,10,3,18,10,1.45,8.79,4.7,4.87,0.1,sa597792
Tyler Wilson,Orioles,2,3,0,0,4.98,8,8,46,51,26,7,29,13,1.4,5.71,2.62,4.87,0.2,12691
Chris Young,Royals,7,8,0,1,4.32,18,38,123,119,59,18,83,45,1.33,6.06,3.27,4.87,0.2,3196
Matthew Strahm,Royals,0,1,0,1,4.78,0,10,10,10,5,1,9,5,1.46,8.43,4.51,4.87,0,sa658557
Brady Dragmire,Blue Jays,0,0,0,1,4.88,0,10,10,11,5,1,6,4,1.48,5.48,3.52,4.87,0,sa598911
Christian Bergman,Rockies,5,6,0,1,5.08,13,38,100,116,57,16,60,24,1.4,5.41,2.15,4.88,0.4,10925
Mason Melotakis,Twins,0,1,0,1,4.96,0,10,10,11,6,1,7,5,1.55,6.41,4.23,4.89,0,sa621016
Tyler Matzek,Rockies,3,4,0,0,4.93,10,10,56,56,30,6,47,34,1.61,7.52,5.43,4.9,0.3,10058
Scott Carroll,White Sox,2,3,0,1,4.98,3,23,39,44,21,5,22,14,1.49,5.21,3.24,4.9,0,888
Austin Brice,Marlins,0,1,0,0,4.94,2,2,9,9,5,1,7,5,1.56,7.12,5,4.91,0,sa548458
Michael Lorenzen,Reds,2,3,0,0,4.83,6,6,38,39,20,5,27,15,1.45,6.37,3.67,4.92,0.1,14843
Dylan Baker,Indians,0,1,0,1,4.83,0,10,10,10,5,1,7,5,1.57,6.1,4.94,4.93,0,sa658002
Shawn Morimando,Indians,0,1,0,1,4.96,0,10,10,10,6,1,8,4,1.49,6.81,4.03,4.93,0,sa599725
Tyrell Jenkins,Braves,2,3,0,0,4.93,6,6,37,40,20,5,24,16,1.5,5.77,3.93,4.93,0,sa548158
Alec Asher,Phillies,1,2,0,0,5.11,3,3,19,20,11,3,14,6,1.38,6.88,2.73,4.95,0,13560
Brad Peacock,Astros,1,1,0,0,4.97,3,3,18,18,10,3,15,8,1.45,7.56,3.99,4.96,0.1,5401
Jon Moscot,Reds,2,3,0,0,4.79,8,8,45,47,24,7,32,16,1.39,6.4,3.14,4.96,0.1,13849
Andury Acevedo,Cubs,1,1,0,1,4.61,0,10,10,10,5,1,8,6,1.54,7.46,5.32,4.97,0,sa395471
Nick Martinez,Rangers,1,2,0,0,4.87,5,5,28,30,15,4,17,10,1.46,5.6,3.39,5.01,0.1,12730
Chris Beck,White Sox,1,2,0,0,5.21,5,5,28,32,16,4,16,10,1.48,5.31,3.17,5.04,0.1,13418
Conner Greene,Blue Jays,1,1,0,0,5.09,2,2,9,10,5,1,6,4,1.49,6.25,3.58,5.05,0,sa737829
Eddie Butler,Rockies,3,3,0,0,5.25,8,8,47,54,27,6,28,20,1.57,5.41,3.85,5.07,0.2,13453
Asher Wojciechowski,Astros,1,2,0,0,5.18,5,5,28,30,16,5,20,10,1.45,6.48,3.28,5.07,0,10836
Michael Ynoa,White Sox,1,1,0,1,5.16,0,15,15,15,9,2,13,9,1.59,7.69,5.21,5.09,0,sa549595
Jason Garcia,Orioles,0,1,0,1,4.96,0,10,10,10,6,1,8,5,1.53,7.4,4.87,5.11,0,12143
Pat Light,Red Sox,0,1,0,1,5.22,0,10,10,11,6,1,7,5,1.55,6.46,4.22,5.14,0,sa502395
Connor Sadzeck,Rangers,0,1,0,1,5.16,0,10,10,10,6,1,7,6,1.65,6.3,5.53,5.21,0,sa550247
Anthony Ranaudo,Rangers,0,1,0,0,5.13,2,2,9,10,5,1,6,4,1.48,6.12,3.73,5.22,0,11424
Adam Morgan,Phillies,3,5,0,0,5.35,11,11,65,73,39,11,39,21,1.44,5.41,2.93,5.3,-0.1,12580
Parker Bridwell,Orioles,1,2,0,0,5.36,5,5,28,29,17,4,21,15,1.57,6.91,4.67,5.33,0,sa548445
Chris Lee,Orioles,0,1,0,1,5.26,0,10,10,11,6,1,6,5,1.6,5.33,4.56,5.35,0,sa550044
Jose Leclerc,Rangers,0,1,0,1,5.43,0,10,10,10,6,1,9,7,1.67,7.85,6.06,5.43,0,sa597170
Cody Reed,Reds,0,1,0,0,5.29,2,2,9,9,5,1,6,6,1.63,5.9,5.47,5.49,0,sa828694
Tim Melville,Reds,0,1,0,0,5.47,2,2,9,10,6,2,7,5,1.56,6.4,4.49,5.54,0,sa454515
Lendy Castillo,Tigers,0,1,0,1,5.86,0,15,15,16,10,2,10,9,1.72,6.13,5.65,5.81,-0.1,11562
