Name,Team,G,PA,AB,H,2B,3B,HR,R,RBI,BB,SO,HBP,SB,CS,AVG,OBP,SLG,OPS,wOBA,Fld,BsR,WAR,playerid
Bryce Harper,Nationals,155,651,536,164,31,2,37,101,96,105,129,5,6,4,0.306,0.421,0.577,0.998,0.42,1.9,0.8,7.3,11579
Mike Trout,Angels,157,658,550,165,33,7,36,105,101,92,144,9,16,6,0.3,0.405,0.58,0.985,0.414,0.6,3.1,8.7,10155
Giancarlo Stanton,Marlins,148,623,534,146,28,2,42,91,105,79,174,5,8,4,0.273,0.37,0.572,0.942,0.394,3.7,0,5.7,4949
Joey Votto,Reds,152,637,507,144,32,2,22,84,72,120,127,5,7,4,0.285,0.424,0.483,0.907,0.389,4,-1.3,4.8,4314
Paul Goldschmidt,Diamondbacks,157,658,548,158,37,2,30,93,97,101,146,3,16,6,0.289,0.399,0.526,0.925,0.388,7.2,1.3,5.4,9218
Miguel Cabrera,Tigers,152,637,553,171,34,1,27,85,98,75,106,4,2,1,0.31,0.393,0.524,0.916,0.387,0.5,-2.7,4.4,1744
Andrew McCutchen,Pirates,158,665,563,166,34,4,24,90,89,86,123,10,13,6,0.295,0.393,0.494,0.887,0.379,-5.4,0.9,5.7,9847
Jose Bautista,Blue Jays,142,595,495,128,24,1,33,86,97,89,98,5,5,3,0.259,0.374,0.51,0.884,0.379,-2.6,0,4.1,1887
Anthony Rizzo,Cubs,157,658,563,154,33,2,32,93,98,73,113,17,10,6,0.274,0.371,0.51,0.881,0.376,7.3,-0.5,4.9,3473
Edwin Encarnacion,Blue Jays,138,581,501,134,27,1,31,79,98,69,88,5,3,1,0.267,0.359,0.513,0.873,0.371,-0.1,-0.4,3,2151
Chris Davis,Orioles,150,630,549,140,26,0,41,88,107,68,194,8,2,3,0.256,0.344,0.53,0.874,0.37,2.7,-0.1,3.9,9272
Kris Bryant,Cubs,152,637,549,146,28,4,30,89,99,74,186,9,12,5,0.266,0.36,0.494,0.854,0.367,3,1.9,5.4,15429
Josh Donaldson,Blue Jays,153,644,566,155,34,2,31,91,97,64,123,6,5,2,0.274,0.351,0.505,0.856,0.367,8.9,0.5,6.1,5038
Freddie Freeman,Braves,147,616,530,149,32,2,22,82,82,73,127,7,3,2,0.281,0.373,0.473,0.846,0.365,2.2,-0.4,3.6,5361
Manny Machado,Orioles,148,623,558,160,30,1,27,84,78,55,96,4,15,6,0.287,0.352,0.491,0.843,0.363,13.9,0.4,6.1,11493
Carlos Gonzalez,Rockies,133,560,508,140,26,3,30,74,87,45,127,2,7,2,0.276,0.335,0.519,0.854,0.362,-0.8,0.9,2.1,7287
David Ortiz,Red Sox,143,602,523,141,32,0,31,71,97,71,102,2,1,1,0.269,0.355,0.51,0.865,0.361,0,-4.2,1.9,745
Jose Abreu,White Sox,153,644,581,165,31,2,31,86,96,47,131,11,1,2,0.284,0.348,0.503,0.851,0.361,-1.2,-1,2.9,15676
Yasiel Puig,Dodgers,138,581,515,145,29,6,21,78,76,53,117,8,10,7,0.282,0.356,0.483,0.839,0.361,2.7,-0.5,3.9,14225
Miguel Sano,Twins,145,609,531,134,28,3,33,82,93,69,189,4,5,3,0.253,0.341,0.501,0.842,0.36,-3.1,-1.2,3,12164
Buster Posey,Giants,136,571,509,155,28,1,17,68,78,52,59,4,2,1,0.305,0.37,0.467,0.837,0.359,4,-1.5,5.3,9166
Nolan Arenado,Rockies,155,651,604,174,41,4,31,80,97,35,95,4,3,3,0.289,0.329,0.524,0.854,0.359,11.2,-0.8,4.4,9777
J.D. Martinez,Tigers,143,602,548,152,30,3,31,79,93,44,159,5,4,2,0.277,0.335,0.509,0.843,0.358,-0.4,-1,3.3,6184
Mookie Betts,Red Sox,148,623,561,167,37,5,17,88,71,52,76,2,23,8,0.298,0.357,0.472,0.829,0.358,6.6,3.3,4.4,13611
Justin Upton,Tigers,150,630,551,147,29,3,28,87,88,67,153,5,13,5,0.267,0.349,0.481,0.829,0.356,-0.9,1.9,3.5,5222
Kyle Schwarber,Cubs,123,515,450,114,19,3,26,77,79,56,133,4,4,2,0.254,0.339,0.483,0.822,0.353,-3.5,0.9,2.8,16478
Ryan Braun,Brewers,139,585,527,146,29,3,23,77,85,49,117,5,17,6,0.278,0.343,0.479,0.822,0.352,-3.1,0.1,2.4,3410
Hanley Ramirez,Red Sox,133,560,499,139,34,1,18,70,79,51,96,6,11,5,0.28,0.351,0.462,0.813,0.351,2.3,-0.3,2.4,8001
Carlos Correa,Astros,150,630,565,156,32,3,25,80,91,55,116,4,23,8,0.276,0.341,0.477,0.818,0.351,0.3,1.9,4.9,14162
Michael Brantley,Indians,123,518,464,139,32,1,12,62,67,45,49,4,12,4,0.299,0.362,0.449,0.811,0.35,-1.5,1.4,2.6,4106
George Springer,Astros,147,616,535,135,24,2,28,85,79,66,177,9,19,6,0.253,0.343,0.463,0.805,0.349,1.4,2.3,3.5,12856
David Peralta,Diamondbacks,142,595,541,155,29,9,17,68,78,43,113,4,8,5,0.287,0.341,0.469,0.81,0.348,-1.7,0.4,2.3,2136
Prince Fielder,Rangers,143,602,527,148,27,0,20,69,79,62,89,9,1,0,0.281,0.363,0.448,0.811,0.347,0,-2.7,1.3,4613
Matt Holliday,Cardinals,139,583,504,137,29,1,17,70,78,63,98,11,4,2,0.271,0.362,0.437,0.799,0.347,-4.3,-1.6,2.1,1873
Lucas Duda,Mets,139,583,499,122,26,1,27,72,84,68,141,10,2,2,0.244,0.344,0.463,0.807,0.347,0.7,-0.4,2.7,2502
Matt Carpenter,Cardinals,150,630,541,146,35,3,15,88,65,74,120,7,5,3,0.27,0.362,0.433,0.796,0.347,-5.1,0.7,3.5,8090
Mark Reynolds,Rockies,107,448,393,96,18,1,23,51,62,47,121,4,3,2,0.245,0.33,0.476,0.806,0.346,-0.5,-0.7,0.9,7619
Shin-Soo Choo,Rangers,147,616,520,137,26,2,16,80,60,75,138,14,7,4,0.263,0.368,0.417,0.785,0.346,-6.9,0.1,1.8,3174
Byung-ho Park,Twins,137,574,514,134,23,1,28,74,82,48,164,8,6,3,0.261,0.331,0.475,0.806,0.346,0.2,0,1.9,18717
Carlos Santana,Indians,152,637,527,128,29,1,22,74,81,101,118,4,7,3,0.242,0.365,0.425,0.79,0.345,-0.4,-1,2.1,2396
Chris Carter,Brewers,127,535,462,106,21,1,31,66,82,62,168,5,3,1,0.229,0.324,0.481,0.805,0.345,-3.2,-0.6,1.4,9911
Jason Heyward,Cubs,150,630,555,154,30,3,18,86,68,64,101,5,18,6,0.277,0.354,0.437,0.792,0.344,10.8,2.8,4.3,4940
Nelson Cruz,Mariners,147,616,557,144,24,1,33,75,90,50,151,5,4,3,0.258,0.323,0.482,0.805,0.343,-0.7,-2.2,2,2434
Adrian Beltre,Rangers,140,588,536,156,29,3,18,71,79,42,70,4,1,0,0.291,0.343,0.458,0.801,0.342,6.7,-0.3,3.8,639
Justin Turner,Dodgers,125,525,471,134,31,1,13,60,63,39,90,9,6,2,0.284,0.348,0.439,0.787,0.342,-0.8,-0.3,3.1,5235
Eric Hosmer,Royals,153,644,581,166,33,3,17,78,82,54,105,3,8,3,0.286,0.347,0.443,0.79,0.341,2.4,0.3,2.5,3516
A.J. Pollock,Diamondbacks,8,35,32,9,2,0,1,5,3,3,5,0,2,0,0.287,0.34,0.447,0.787,0.341,0.4,0.1,0.2,9256
Brandon Belt,Giants,125,525,466,123,28,3,17,63,63,50,133,5,7,4,0.265,0.34,0.448,0.788,0.34,5.3,0.1,2.8,10264
Ben Zobrist,Cubs,142,595,518,140,33,3,14,78,59,67,75,3,7,4,0.27,0.354,0.428,0.782,0.34,-1.1,-0.4,3,7435
Anthony Rendon,Nationals,142,595,525,144,32,3,15,77,61,56,106,6,7,3,0.273,0.347,0.433,0.781,0.34,3.7,0.5,3.7,12861
Pedro Alvarez,Orioles,123,518,460,113,19,1,29,64,80,51,143,3,4,2,0.246,0.322,0.478,0.8,0.339,-0.2,-0.1,1.2,2495
Domingo Santana,Brewers,136,572,505,126,24,3,24,69,77,57,175,6,6,4,0.251,0.332,0.45,0.782,0.339,-0.2,0.5,2.2,10348
Starling Marte,Pirates,153,644,586,165,32,6,18,84,73,32,139,18,31,13,0.281,0.336,0.447,0.783,0.339,9.5,2,4.1,9241
Alex Gordon,Royals,142,595,518,138,30,2,16,70,64,60,126,11,7,4,0.266,0.352,0.425,0.778,0.338,10.1,1,3.5,5209
Mark Teixeira,Yankees,135,567,490,115,22,0,29,68,92,65,116,6,2,1,0.235,0.329,0.456,0.785,0.337,4.6,-1.4,2.1,1281
Christian Yelich,Marlins,150,630,559,158,32,4,11,82,57,63,128,3,18,7,0.282,0.356,0.414,0.77,0.337,5.9,1.6,3.2,11477
Robinson Cano,Mariners,150,630,572,165,33,1,17,75,78,48,87,5,5,4,0.288,0.346,0.441,0.787,0.337,-1.8,-2,3.4,3269
Adrian Gonzalez,Dodgers,150,630,567,154,32,0,24,75,94,53,111,3,1,1,0.271,0.334,0.453,0.787,0.336,6.9,-2.6,2.6,1908
Kendrys Morales,Royals,150,630,570,156,34,1,20,71,84,50,110,6,0,0,0.273,0.336,0.442,0.778,0.336,0,-3.3,1.1,8610
John Jaso,Pirates,85,355,309,81,20,1,8,40,38,39,61,4,3,2,0.264,0.351,0.415,0.766,0.336,-0.6,-0.9,1.2,5887
Jose Altuve,Astros,153,644,596,183,36,3,10,83,60,34,62,6,36,12,0.308,0.348,0.431,0.78,0.336,-3.1,1,3.2,5417
Mark Trumbo,Orioles,132,553,507,130,23,2,28,68,84,40,133,1,2,2,0.257,0.311,0.475,0.786,0.336,-1.6,-1.1,1.5,6876
Victor Martinez,Tigers,142,595,536,152,28,0,20,65,86,47,58,5,1,1,0.284,0.344,0.448,0.792,0.335,0,-4,0.9,393
Adam Jones,Orioles,152,637,598,164,29,3,28,81,92,25,118,9,6,2,0.274,0.311,0.473,0.784,0.335,-0.1,1.4,3.4,6368
Maikel Franco,Phillies,140,588,547,148,33,3,23,72,83,33,94,4,2,1,0.271,0.314,0.469,0.783,0.335,-5.5,0.2,2.4,12179
Albert Pujols,Angels,150,630,574,151,30,0,29,79,94,46,73,5,5,2,0.263,0.321,0.469,0.79,0.335,0.9,-3.5,1.7,1177
Rougned Odor,Rangers,148,623,570,156,28,9,20,74,78,32,96,12,11,9,0.273,0.323,0.456,0.779,0.334,-2.4,-0.3,2.6,12282
Ryan Raburn,Rockies,76,320,285,74,17,1,11,36,43,28,73,4,1,0,0.258,0.331,0.441,0.772,0.334,-2.3,-0.2,0.3,2218
Yoenis Cespedes,Mets,150,630,585,154,31,5,28,81,92,35,135,5,7,5,0.263,0.307,0.477,0.784,0.333,4.6,0.6,3.7,13110
Charlie Blackmon,Rockies,143,602,548,155,27,5,15,74,58,36,97,10,29,11,0.283,0.336,0.435,0.771,0.333,-6.3,1.7,1.2,7859
Kyle Seager,Mariners,150,630,567,149,31,2,22,77,79,52,103,6,7,5,0.263,0.329,0.443,0.772,0.333,1.7,-0.6,3.7,9785
Justin Morneau, ,58,245,224,62,13,1,7,26,30,17,36,2,0,1,0.279,0.332,0.441,0.774,0.333,0.5,-0.7,0.7,1737
Troy Tulowitzki,Blue Jays,133,560,497,128,26,1,20,69,71,51,117,6,2,1,0.259,0.332,0.439,0.771,0.332,3.6,-1.2,3.5,3531
Jose Reyes,Rockies,8,35,32,10,2,0,1,4,3,2,4,0,1,0,0.302,0.344,0.42,0.764,0.332,-0.5,0.1,0.1,1736
Yasmani Grandal,Dodgers,88,370,313,74,15,1,13,41,45,51,85,2,1,0,0.236,0.344,0.412,0.756,0.332,-0.3,-0.9,2.4,11368
A.J. Reed,Astros,58,245,218,56,10,1,9,30,31,23,57,2,0,0,0.257,0.33,0.437,0.767,0.332,0.4,0.1,0.7,sa599279
Xander Bogaerts,Red Sox,150,630,579,168,33,3,13,74,73,38,106,5,7,3,0.29,0.337,0.426,0.763,0.331,-2,1.1,3.2,12161
Gerardo Parra,Rockies,137,576,530,155,31,4,11,71,58,34,87,4,11,7,0.293,0.337,0.43,0.768,0.331,3.1,-0.1,1.1,8553
Michael Conforto,Mets,127,534,483,124,27,2,21,66,71,42,105,4,2,2,0.258,0.32,0.451,0.772,0.331,2.4,0.3,2.5,16376
Jorge Soler,Cubs,98,411,369,96,21,2,15,48,56,35,108,2,3,1,0.259,0.325,0.447,0.771,0.331,-2.5,0.5,1.2,14221
Wil Myers,Padres,137,574,512,133,27,1,20,72,69,54,134,3,10,4,0.259,0.33,0.435,0.765,0.331,-5.8,0.6,1.2,10047
Alex Rodriguez,Yankees,140,588,507,121,20,1,25,71,81,68,144,6,4,2,0.238,0.332,0.429,0.761,0.33,0,-1.4,0.9,1274
Ryan Zimmerman,Nationals,121,508,456,118,27,1,18,58,75,44,103,2,2,1,0.26,0.324,0.44,0.764,0.33,1.3,-0.2,1.3,4220
Josh Reddick,Athletics,138,581,525,137,26,4,20,69,76,49,86,2,8,3,0.26,0.323,0.44,0.763,0.33,5.8,1.9,3,3892
Neil Walker,Mets,132,553,493,128,26,3,18,65,66,45,99,9,3,2,0.259,0.329,0.433,0.762,0.33,-4.8,0.4,2.5,7539
Jayson Werth,Nationals,123,515,449,114,24,1,15,61,60,55,106,6,4,2,0.255,0.34,0.411,0.751,0.329,-5.9,0.5,1,1327
Dexter Fowler,Cubs,137,574,492,124,23,5,12,75,46,71,126,4,14,7,0.252,0.35,0.394,0.744,0.329,-9.4,1.3,1.8,4062
Jonathan Lucroy,Brewers,120,505,453,124,27,3,10,58,55,44,67,3,2,1,0.274,0.339,0.416,0.755,0.329,2.3,-1.4,2.8,7870
Curtis Granderson,Mets,152,637,548,129,26,2,24,84,66,76,147,5,10,5,0.236,0.332,0.421,0.753,0.329,0.4,1.4,2.6,4747
Brandon Moss,Cardinals,101,426,376,90,18,2,18,47,56,41,116,6,1,1,0.239,0.32,0.444,0.764,0.329,-1.9,0,1.2,4467
Hyun-soo Kim,Orioles,8,35,31,9,1,0,1,4,4,3,5,0,0,0,0.272,0.337,0.424,0.761,0.329,0,0,0.1,18718
Joc Pederson,Dodgers,145,609,513,114,19,2,25,74,67,84,174,6,12,7,0.223,0.337,0.414,0.751,0.329,0,0.1,3.1,11899
Scott Van Slyke,Dodgers,103,433,378,94,21,1,14,47,54,44,110,5,5,3,0.249,0.333,0.422,0.755,0.329,4,-0.5,2,4365
Mike Napoli,Indians,125,525,450,103,21,1,20,56,61,67,150,5,3,2,0.229,0.334,0.418,0.752,0.329,3.5,-1.5,1.5,3057
Todd Frazier,White Sox,150,630,568,143,29,2,25,77,83,48,131,8,12,7,0.252,0.317,0.444,0.761,0.329,3.7,0.3,3.3,785
Daniel Murphy,Nationals,150,630,585,172,38,3,11,76,73,36,68,3,9,3,0.295,0.336,0.428,0.764,0.328,-8.3,0.7,2,4316
Corey Dickerson,Rays,117,490,453,118,25,4,19,56,59,32,118,2,6,5,0.261,0.31,0.457,0.767,0.327,-0.1,-0.7,1.1,10762
Travis d'Arnaud,Mets,99,416,378,96,21,2,16,49,56,31,72,4,1,0,0.255,0.315,0.445,0.76,0.327,-2.3,-0.4,2.6,7739
Jason Kipnis,Indians,150,630,556,151,33,4,11,78,61,60,113,5,18,7,0.271,0.344,0.407,0.751,0.327,-3.1,2.1,2.9,9776
Andre Ethier,Dodgers,33,140,125,33,7,1,3,15,17,13,26,2,1,1,0.265,0.337,0.416,0.754,0.327,-0.2,-0.2,0.5,6265
Matt Kemp,Padres,132,555,505,134,27,2,18,67,75,41,133,3,9,4,0.265,0.321,0.437,0.758,0.327,-9.3,-0.2,1,5631
Devon Travis,Blue Jays,58,245,223,60,13,1,7,30,28,17,41,2,4,2,0.268,0.324,0.429,0.753,0.327,0.5,0.2,1.2,13862
Ramon Flores,Brewers,65,275,245,64,12,2,8,31,30,25,47,1,2,2,0.262,0.332,0.419,0.751,0.327,0.3,-0.2,0.7,11165
Adam Eaton,White Sox,138,581,515,141,24,7,8,76,47,49,103,10,17,9,0.274,0.347,0.395,0.742,0.327,-2.9,1.5,1.7,11205
Russell Martin,Blue Jays,114,480,413,97,20,1,17,54,62,53,101,9,5,4,0.235,0.333,0.412,0.745,0.326,5.9,-1.7,3.4,4616
Evan Gattis,Astros,125,525,487,122,21,5,25,61,77,28,111,5,1,1,0.251,0.297,0.469,0.766,0.326,0,-1,0.7,11003
Hunter Pence,Giants,138,581,532,141,26,4,18,72,75,42,110,3,10,4,0.265,0.321,0.432,0.753,0.326,0.1,0.9,2.3,8252
Chris Colabello,Blue Jays,83,350,320,82,16,1,14,40,48,24,96,3,1,1,0.257,0.312,0.443,0.755,0.326,-1.2,-0.4,0.5,13051
Dustin Pedroia,Red Sox,142,595,535,150,31,1,11,69,60,50,71,3,7,4,0.28,0.342,0.403,0.745,0.326,7.5,-0.6,3.1,8370
Tyler White,Astros,83,350,306,79,16,1,8,40,38,35,63,5,1,1,0.258,0.341,0.398,0.739,0.325,-2.7,-0.1,0.5,sa738482
Carlos Gomez,Astros,142,595,541,140,30,4,19,76,72,37,137,11,24,10,0.259,0.318,0.432,0.75,0.325,6.4,2,3.6,4881
Adam Lind,Mariners,128,539,480,126,25,1,15,60,65,54,101,2,0,0,0.263,0.337,0.415,0.752,0.325,-0.5,-1.4,1.2,8027
Stephen Piscotty,Cardinals,136,571,518,140,32,3,13,65,62,42,95,6,7,5,0.27,0.33,0.417,0.747,0.325,2.2,-0.9,1.9,13367
David Wright,Mets,127,533,474,126,24,2,12,62,58,52,105,3,7,3,0.266,0.34,0.403,0.743,0.324,-0.1,-0.1,2.6,3787
Lorenzo Cain,Royals,148,623,573,162,33,5,11,76,69,37,115,8,24,8,0.284,0.333,0.417,0.75,0.324,10,2.1,3.9,9077
Justin Bour,Marlins,124,520,472,123,24,0,19,56,68,42,102,3,2,1,0.26,0.323,0.432,0.755,0.324,-2.4,-1.3,0.7,9744
Evan Longoria,Rays,153,644,577,148,30,2,23,75,81,54,132,6,3,1,0.257,0.324,0.434,0.758,0.324,5.2,-0.2,3.7,9368
Matt Adams,Cardinals,102,427,398,108,22,1,15,45,59,23,93,2,2,1,0.271,0.311,0.446,0.757,0.324,1.9,-0.2,1.3,9393
Mitch Moreland,Rangers,128,539,489,125,26,1,20,58,75,38,117,5,1,0,0.257,0.314,0.439,0.753,0.324,3.5,-0.6,1.1,3086
Mike Moustakas,Royals,145,609,552,143,32,1,20,66,72,42,88,8,2,2,0.259,0.317,0.431,0.748,0.324,3.3,-1.1,2.9,4892
Jung-ho Kang,Pirates,118,497,448,115,24,2,15,58,61,34,125,11,5,3,0.257,0.324,0.419,0.743,0.324,-0.6,0.4,2.3,17182
Luis Valbuena,Astros,122,511,445,105,22,1,19,59,59,57,108,4,2,2,0.235,0.326,0.417,0.742,0.324,-1.7,-0.7,1.9,4969
Nick Hundley,Rockies,95,397,368,101,19,3,11,40,48,22,82,3,4,4,0.275,0.318,0.431,0.749,0.323,-2.3,-1,1.1,3376
Oswaldo Arcia,Twins,47,196,179,44,9,1,9,23,26,13,55,3,1,1,0.247,0.305,0.45,0.755,0.323,-1.1,-0.1,0.3,10306
Joe Mauer,Twins,140,588,517,142,29,2,9,65,59,65,102,2,2,1,0.275,0.355,0.388,0.743,0.323,3.7,-0.4,1.5,1857
Pablo Sandoval,Red Sox,50,210,193,53,11,1,6,22,26,13,30,2,0,0,0.273,0.323,0.424,0.747,0.323,-1.8,-0.7,0.5,5409
Jon Singleton,Astros,25,105,90,20,4,0,4,13,13,13,31,0,1,0,0.221,0.321,0.42,0.741,0.323,-0.1,0,0.2,10441
Kole Calhoun,Angels,147,616,561,146,27,3,21,79,72,44,131,3,6,3,0.259,0.315,0.428,0.743,0.322,5.5,0.8,2.8,11200
Carlos Beltran,Yankees,118,497,451,116,26,1,17,54,61,38,88,3,1,0,0.257,0.316,0.43,0.746,0.322,-5.7,-1,0.5,589
Jesse Winker,Reds,47,198,177,45,8,1,6,23,22,18,39,2,2,1,0.257,0.329,0.41,0.739,0.322,-0.3,0,0.4,sa657865
Brian McCann,Yankees,114,480,429,104,15,1,21,55,71,40,82,7,0,0,0.242,0.314,0.431,0.745,0.322,1.6,-1.6,2.8,4810
Justin Ruggiano,Rangers,35,147,132,33,7,1,5,18,17,12,40,2,3,2,0.247,0.318,0.423,0.74,0.322,-0.9,-0.3,0.2,7620
Nick Castellanos,Tigers,137,574,527,141,31,4,15,56,69,39,128,2,2,2,0.267,0.317,0.429,0.746,0.322,-10.8,-1.5,1,11737
Brian Dozier,Twins,150,630,556,135,31,3,21,83,66,58,125,7,13,6,0.242,0.319,0.421,0.74,0.322,-0.8,1.7,2.7,9810
Marcell Ozuna,Marlins,142,595,549,145,31,3,18,67,72,38,136,3,4,2,0.265,0.315,0.429,0.744,0.322,-0.5,0.6,2.4,10324
Ben Paulsen,Rockies,110,461,422,109,22,4,15,47,55,31,122,3,3,2,0.257,0.311,0.436,0.747,0.322,1.4,-0.2,0.1,9741
Javier Baez,Cubs,69,290,266,66,12,1,13,35,40,17,83,4,9,4,0.248,0.3,0.449,0.749,0.322,-1.5,0.6,1.1,12979
Andy Wilkins,Brewers,8,35,32,8,2,0,2,4,5,2,8,0,0,0,0.249,0.299,0.454,0.753,0.321,0,0,0,11251
Seth Smith,Mariners,122,511,448,110,28,3,13,58,52,54,108,4,1,0,0.245,0.331,0.409,0.74,0.321,-0.6,-0.4,1.4,7331
Josh Hamilton,Rangers,50,210,191,49,10,1,8,24,27,15,55,1,1,1,0.257,0.313,0.438,0.75,0.321,-0.6,0,0.2,1875
Adam Duvall,Reds,71,300,277,67,13,1,15,36,42,17,75,3,2,1,0.241,0.29,0.46,0.751,0.321,-0.7,0.4,0.7,10950
Khris Davis,Athletics,133,560,502,121,26,2,22,67,73,46,135,7,7,4,0.241,0.311,0.431,0.741,0.321,-3.1,-0.7,1.2,9112
Randal Grichuk,Cardinals,142,596,554,139,30,6,23,72,76,31,150,6,7,5,0.251,0.297,0.453,0.75,0.321,1.8,0.1,2.6,10243
Michael Saunders,Blue Jays,72,301,265,65,15,2,8,38,40,30,74,1,5,3,0.246,0.324,0.415,0.738,0.321,1.5,0.5,0.9,9981
Devin Mesoraco,Reds,99,416,371,90,19,1,16,45,52,35,87,6,2,2,0.243,0.317,0.425,0.742,0.321,-1.1,-0.7,2,5666
Trevor Plouffe,Twins,143,602,543,136,31,3,19,67,76,48,118,5,2,1,0.251,0.315,0.424,0.739,0.321,-3.7,-0.8,1.9,7462
Corey Seager,Dodgers,135,567,523,138,32,3,17,67,70,34,109,4,4,2,0.264,0.311,0.434,0.746,0.321,-1,0.6,2.9,13624
Melky Cabrera,White Sox,142,595,546,154,29,2,12,70,64,38,75,2,4,2,0.282,0.329,0.41,0.739,0.321,-3.1,-0.6,0.8,4022
Brett Gardner,Yankees,138,581,512,131,26,5,13,75,56,54,122,6,17,6,0.256,0.331,0.4,0.731,0.32,4.2,2.3,2.1,9927
Derek Dietrich,Marlins,63,265,236,58,12,2,8,32,28,17,62,10,1,1,0.245,0.319,0.417,0.736,0.32,-1.3,0.3,0.7,10542
Chase Headley,Yankees,142,595,527,134,27,1,16,66,65,54,132,8,4,3,0.254,0.331,0.398,0.729,0.32,2.3,-0.6,2.5,4720
Jason Rogers,Pirates,7,28,25,7,1,0,1,3,3,2,6,0,0,0,0.26,0.327,0.405,0.732,0.32,0,0,0.1,11773
Jackie Bradley Jr.,Red Sox,125,525,468,119,31,4,11,62,58,44,125,7,8,3,0.253,0.325,0.408,0.733,0.32,4,-0.1,2.2,12984
Steve Pearce,Rays,92,385,342,81,17,1,14,43,44,33,82,7,3,1,0.238,0.315,0.42,0.735,0.32,0.7,-0.1,0.8,9957
Billy Butler,Athletics,58,245,219,58,11,0,6,25,29,21,41,2,0,0,0.265,0.333,0.402,0.735,0.319,0,-1.6,0.2,7399
Joey Butler,Indians,10,42,38,10,2,0,1,5,4,3,11,0,0,0,0.259,0.327,0.4,0.727,0.319,-0.2,-0.1,0.1,7799
Francisco Cervelli,Pirates,114,480,426,115,18,4,6,48,44,41,90,9,2,1,0.271,0.345,0.377,0.722,0.319,0.6,-0.3,2.9,5275
Trevor Story,Rockies,117,490,444,110,25,6,15,52,56,37,138,4,14,5,0.248,0.31,0.431,0.741,0.319,-0.9,1.1,1.2,sa597765
Aaron Judge,Yankees,27,112,101,24,4,0,5,14,15,9,35,1,1,1,0.235,0.3,0.441,0.741,0.319,0,0,0.2,sa549847
Josh Harrison,Pirates,137,574,534,150,35,4,10,70,52,25,86,7,16,8,0.282,0.321,0.415,0.736,0.319,-1.3,0.9,2.4,8202
Jose Martinez,Royals,3,14,13,4,1,0,0,1,1,1,2,0,0,0,0.283,0.334,0.394,0.728,0.319,0,0,0,sa380012
Joey Gallo,Rangers,27,112,99,21,4,0,6,14,15,12,44,0,1,0,0.216,0.299,0.446,0.745,0.319,0,0.1,0.2,14128
Jay Bruce,Reds,141,593,531,127,29,2,24,70,81,53,146,2,9,4,0.24,0.309,0.438,0.747,0.318,-0.2,0.2,1.2,9892
Colby Rasmus,Astros,130,546,490,114,24,2,24,65,68,48,168,3,3,1,0.232,0.303,0.434,0.737,0.318,-0.4,1.3,1.4,9893
Justin Smoak,Blue Jays,95,399,354,83,18,1,15,46,54,39,94,3,1,1,0.234,0.312,0.419,0.731,0.318,0.8,-1.3,0.5,9054
Mark Canha,Athletics,67,280,252,64,13,1,8,32,33,21,61,4,3,1,0.254,0.32,0.408,0.727,0.318,-0.5,0.1,0.5,11445
Ian Kinsler,Tigers,153,644,592,162,33,5,13,83,68,39,74,5,11,6,0.273,0.321,0.41,0.731,0.318,5.5,1,3.1,6195
Tommy Pham,Cardinals,100,420,380,99,18,5,9,49,43,34,100,2,9,3,0.26,0.322,0.409,0.731,0.318,2.2,1.2,1.6,2967
Stephen Vogt,Athletics,111,465,418,107,20,3,13,49,55,40,81,2,1,1,0.257,0.322,0.413,0.735,0.317,-2.2,-0.5,2.2,5000
Jhonny Peralta,Cardinals,67,280,253,66,14,0,7,28,32,22,51,2,1,1,0.262,0.325,0.406,0.731,0.317,-0.6,-1.1,1.1,1738
Rob Refsnyder,Yankees,18,77,69,18,4,0,2,9,8,6,14,1,1,1,0.257,0.325,0.399,0.724,0.317,-0.1,0,0.3,13770
Howie Kendrick,Dodgers,108,455,422,120,22,3,8,51,49,25,74,3,6,3,0.283,0.327,0.404,0.731,0.317,-1.3,-0.4,1.7,4229
Dustin Ackley,Yankees,55,231,209,54,11,1,7,27,27,17,39,1,3,2,0.256,0.314,0.416,0.73,0.317,1.8,0.2,0.7,10099
Steven Souza,Rays,105,441,389,92,17,1,16,53,48,42,132,5,14,7,0.236,0.316,0.408,0.724,0.316,-0.6,0.8,1.2,5667
Francisco Lindor,Indians,153,644,585,159,27,6,13,71,63,43,109,2,19,11,0.273,0.321,0.405,0.726,0.316,8.5,-0.7,3.8,12916
Yonder Alonso,Athletics,110,462,413,112,22,1,8,51,48,41,57,3,5,3,0.271,0.337,0.387,0.724,0.316,3.6,-1.2,1.1,2530
Welington Castillo,Diamondbacks,95,397,358,89,18,0,14,40,48,28,93,7,1,0,0.247,0.311,0.415,0.726,0.316,-1.8,-0.9,1.6,3256
Jerry Sands,White Sox,30,126,112,26,4,1,5,14,15,12,32,1,1,0,0.233,0.312,0.411,0.723,0.316,0.3,-0.1,0.2,4016
Kennys Vargas,Twins,18,77,70,17,3,0,3,9,10,6,20,1,0,0,0.247,0.309,0.421,0.73,0.316,-0.1,-0.1,0,12101
Denard Span,Giants,130,546,496,138,28,5,5,66,39,41,57,2,17,6,0.278,0.334,0.385,0.719,0.316,-1.8,1.7,2.4,8347
Travis Shaw,Red Sox,125,525,474,119,26,2,15,57,59,42,119,4,3,2,0.251,0.315,0.411,0.727,0.316,-2,0.1,1.2,11982
Chris Young,Red Sox,80,336,300,72,20,1,11,41,40,29,73,3,5,2,0.239,0.31,0.418,0.729,0.315,1,0.4,0.7,3882
Eugenio Suarez,Reds,137,574,522,133,25,3,17,61,63,39,129,6,8,5,0.254,0.312,0.412,0.724,0.315,1.6,-0.6,1.9,12552
Logan Forsythe,Rays,142,595,528,134,26,2,14,65,59,51,114,9,8,3,0.253,0.327,0.391,0.717,0.315,-0.5,-0.1,2.4,7185
Marcus Semien,Athletics,140,588,529,132,26,5,16,69,61,50,121,3,11,5,0.249,0.316,0.406,0.722,0.315,-9.6,0.4,1.8,12533
Josh Bell,Pirates,17,70,63,17,3,1,1,7,8,6,10,0,1,0,0.269,0.33,0.395,0.725,0.314,-0.1,0,0.1,sa597768
Sam Travis,Red Sox,15,63,58,16,3,0,1,7,7,4,11,0,2,1,0.269,0.32,0.402,0.722,0.314,0.2,-0.1,0.1,sa599539
Jedd Gyorko,Cardinals,73,308,282,71,13,0,11,33,41,21,65,3,1,1,0.252,0.308,0.416,0.723,0.314,-2.4,-0.4,0.9,10816
Joe Panik,Giants,133,560,508,141,26,3,7,64,48,41,60,4,4,3,0.277,0.334,0.381,0.714,0.314,2.1,0.2,2.6,11936
DJ LeMahieu,Rockies,142,595,544,156,23,5,6,64,52,40,99,2,19,8,0.287,0.337,0.383,0.72,0.314,4.2,0.4,1.2,9874
Brad Miller,Rays,108,455,407,103,18,4,11,51,46,39,93,2,9,4,0.254,0.319,0.399,0.719,0.314,-1.9,0.6,2,12775
Matt Duffy,Giants,142,595,548,151,26,5,11,65,63,35,102,5,12,4,0.275,0.322,0.397,0.72,0.314,7.1,1.5,3.4,13836
Danny Valencia,Athletics,122,511,474,122,28,2,16,56,66,31,105,2,3,3,0.258,0.304,0.425,0.729,0.314,-4,-1.6,1.4,6364
Peter O'Brien,Diamondbacks,40,167,156,37,8,1,8,20,24,8,50,2,1,0,0.236,0.279,0.455,0.734,0.313,-1.4,0,0.2,13288
Nomar Mazara,Rangers,5,21,19,5,1,0,1,2,2,1,5,0,0,0,0.258,0.314,0.407,0.721,0.313,0,0,0,sa659453
Brandon Guyer,Rays,78,329,292,75,15,2,5,39,29,19,56,13,8,3,0.258,0.33,0.377,0.707,0.313,0.8,0.8,1,2636
C.J. Cron,Angels,133,560,525,136,26,2,20,59,72,23,111,7,3,2,0.258,0.296,0.432,0.728,0.313,-1.8,-0.8,0.6,12546
Salvador Perez,Royals,126,531,504,137,25,2,17,54,67,19,74,4,1,0,0.272,0.3,0.431,0.731,0.313,5,-1.7,3,7304
Jake Lamb,Diamondbacks,130,546,491,125,26,5,12,56,57,46,140,4,4,2,0.254,0.32,0.402,0.721,0.313,3.8,0.5,2,13329
Brett Lawrie,White Sox,133,560,512,131,24,2,17,61,62,35,122,6,5,3,0.256,0.309,0.411,0.721,0.313,-2.8,0.8,1.6,5247
Kyle Blanks,Giants,34,143,128,31,7,0,4,16,15,11,39,3,1,0,0.244,0.313,0.404,0.716,0.313,0.2,0.2,0.4,49
Jonathan Schoop,Orioles,117,490,460,118,21,0,20,54,59,18,112,6,3,1,0.256,0.292,0.433,0.725,0.313,1.2,-0.4,1.6,11265
David Freese,Pirates,89,375,337,86,17,1,9,38,41,28,83,6,1,1,0.256,0.323,0.388,0.711,0.313,-1.6,-1.5,0.6,9549
Lonnie Chisenhall,Indians,100,420,385,100,23,1,11,45,49,27,84,4,3,1,0.261,0.313,0.411,0.724,0.313,0.2,0.5,0.9,7571
Tommy La Stella,Cubs,36,151,135,36,8,1,2,14,15,13,16,1,2,1,0.27,0.336,0.375,0.711,0.313,-0.6,-0.2,0.4,12371
Jake Smolinski,Athletics,3,14,13,3,1,0,0,2,2,1,3,0,0,0,0.246,0.316,0.4,0.716,0.313,0,0,0,5408
Matt Wieters,Orioles,91,384,349,87,17,1,13,40,46,29,76,1,1,0,0.249,0.305,0.419,0.724,0.313,0.5,-0.9,1.8,4298
Chris Parmelee, ,42,175,158,39,8,0,6,18,19,14,42,1,1,1,0.248,0.31,0.41,0.72,0.313,0.4,-0.3,0.2,2554
Logan Morrison,Rays,100,420,375,91,16,2,13,46,48,38,68,4,6,3,0.242,0.316,0.404,0.721,0.312,-1.5,-0.6,0.4,9205
Preston Tucker,Astros,57,238,219,54,11,0,9,28,29,16,51,2,1,1,0.248,0.302,0.42,0.722,0.312,-0.4,0,0.2,13633
Jabari Blash,Padres,75,315,281,63,12,1,14,37,38,27,99,5,5,3,0.223,0.299,0.418,0.717,0.312,-0.9,0,0.7,sa392225
Dariel Alvarez,Orioles,30,126,120,33,6,0,4,14,14,4,18,1,1,1,0.273,0.299,0.425,0.723,0.312,0,0,0.2,15580
Martin Prado,Marlins,140,588,540,149,27,3,10,58,61,37,70,4,3,2,0.276,0.325,0.391,0.715,0.312,3.2,-1.2,2.1,3312
Cody Asche,Phillies,86,361,332,85,18,2,10,37,40,24,83,2,2,1,0.257,0.309,0.414,0.723,0.312,-2.3,-0.1,0.3,11997
Gregory Polanco,Pirates,147,616,555,143,29,4,13,77,59,52,109,2,25,11,0.258,0.321,0.394,0.715,0.311,6.6,2.1,2.2,12907
Derek Norris,Padres,91,384,344,84,18,1,11,43,42,34,87,3,3,1,0.244,0.315,0.396,0.711,0.311,-0.4,0,2,6867
Tom Murphy,Rockies,8,32,29,7,2,0,1,3,4,2,9,0,0,0,0.239,0.293,0.43,0.722,0.311,-0.3,0,0.1,13499
Christian Walker,Orioles,2,7,6,2,0,0,0,1,1,0,2,0,0,0,0.249,0.302,0.415,0.717,0.311,0,0,0,13419
Darin Ruf,Phillies,83,348,313,75,16,0,12,37,40,26,86,5,1,0,0.241,0.308,0.405,0.713,0.311,-1.5,-0.5,0.2,9929
Kirk Nieuwenhuis,Brewers,70,294,265,61,14,2,11,35,37,23,85,3,5,3,0.232,0.298,0.421,0.719,0.311,-2.5,0.2,0.5,6400
Yasmany Tomas,Diamondbacks,118,497,469,123,24,3,15,50,59,22,118,3,5,3,0.262,0.298,0.422,0.72,0.311,-3.7,-0.9,0.1,17171
Kevin Kiermaier,Rays,130,546,505,133,23,9,11,61,50,30,100,4,16,7,0.264,0.309,0.408,0.717,0.31,17.3,1,4,11038
Nick Markakis,Braves,155,651,582,158,29,1,8,72,51,59,80,3,2,1,0.272,0.341,0.367,0.708,0.31,-3.5,-0.9,0.6,5930
Kevin Pillar,Blue Jays,133,560,523,143,32,2,11,62,61,24,86,5,19,7,0.273,0.309,0.408,0.717,0.31,6.2,1.9,2.6,12434
Andrew Lambo,Athletics,2,7,6,2,0,0,0,1,1,0,2,0,0,0,0.24,0.296,0.425,0.722,0.31,-0.1,0,0,5386
Yadier Molina,Cardinals,111,467,430,120,23,1,7,42,52,28,54,3,3,1,0.279,0.324,0.39,0.715,0.31,8.6,-1.4,3.1,7007
Jacoby Ellsbury,Yankees,133,560,508,135,22,4,11,69,50,40,89,5,26,7,0.265,0.323,0.388,0.71,0.31,0.3,3.2,2.1,4727
Clint Robinson,Nationals,72,304,271,68,13,1,7,32,32,29,55,2,0,0,0.25,0.325,0.383,0.708,0.31,-1.1,-0.4,0.2,6908
Yan Gomes,Indians,104,435,403,102,23,2,14,48,53,21,106,6,1,0,0.254,0.296,0.425,0.721,0.31,2.7,-0.2,2.4,9627
Aaron Hicks,Yankees,75,315,279,68,13,3,8,36,32,31,69,1,7,3,0.242,0.318,0.39,0.708,0.31,1.2,0.4,0.8,5297
Avisail Garcia,White Sox,128,539,497,132,17,3,15,61,62,31,123,6,8,5,0.264,0.313,0.4,0.713,0.31,-1.5,-1,0.1,5760
Dan Vogelbach,Cubs,2,7,6,1,0,0,0,1,1,1,2,0,0,0,0.242,0.32,0.385,0.705,0.31,0,0,0,sa597778
Juan Uribe,Indians,92,385,356,93,18,0,10,39,44,24,78,2,2,1,0.263,0.311,0.403,0.714,0.309,4.9,-0.5,1.7,454
Asdrubal Cabrera,Mets,130,546,494,123,28,3,14,60,60,39,99,5,6,3,0.25,0.309,0.406,0.715,0.309,-9.6,0,1.3,4962
Hector Olivera,Braves,119,500,454,117,19,3,12,51,50,36,73,5,1,1,0.258,0.318,0.391,0.709,0.309,-1.2,-0.2,0.7,17528
Brock Holt,Red Sox,115,483,436,120,23,4,3,52,41,36,88,3,9,3,0.275,0.333,0.368,0.7,0.309,-2.4,1.2,0.7,9345
Cristhian Adames,Rockies,35,147,135,38,6,1,2,14,13,8,22,1,3,2,0.282,0.326,0.381,0.708,0.309,0.5,-0.2,0.2,6013
Ian Desmond,Rangers,138,581,530,130,25,2,19,64,68,41,158,4,14,5,0.245,0.301,0.41,0.711,0.309,1.8,1.2,1,6885
J.P. Crawford,Phillies,35,147,131,34,6,1,3,16,13,13,24,1,3,2,0.255,0.325,0.376,0.701,0.309,0.4,-0.2,0.6,sa737507
Byron Buxton,Twins,135,567,524,137,21,8,12,65,54,33,141,3,22,9,0.262,0.309,0.401,0.71,0.309,8,0.9,2.7,14161
Michael Morse,Pirates,62,260,237,58,11,1,8,25,28,17,70,4,0,0,0.245,0.304,0.404,0.708,0.309,-0.4,-1.6,0.3,3035
Cedric Hunter,Phillies,74,310,285,71,15,2,9,34,37,20,51,2,5,3,0.25,0.301,0.414,0.714,0.308,1.9,-0.2,0.6,2833
Raimel Tapia,Rockies,2,7,7,2,0,0,0,1,1,0,1,0,0,0,0.281,0.311,0.403,0.714,0.308,0,0,0,sa597078
Brett Wallace,Padres,65,272,248,61,11,1,9,30,30,18,78,4,1,1,0.246,0.305,0.404,0.709,0.308,-0.9,-0.5,0.5,8434
Addison Russell,Cubs,142,595,543,135,30,3,16,67,68,42,146,4,9,4,0.248,0.305,0.402,0.708,0.308,4.6,0.4,2.6,14106
Kolten Wong,Cardinals,142,595,545,143,25,4,12,67,59,35,90,9,18,7,0.263,0.315,0.391,0.707,0.308,2.7,1.9,2.3,12532
Desmond Jennings,Rays,125,525,467,115,24,3,11,62,45,46,104,4,16,7,0.245,0.317,0.382,0.699,0.308,6.3,1.8,2,1965
Wilmer Flores,Mets,111,466,435,114,22,2,14,50,57,21,62,3,1,1,0.262,0.299,0.415,0.715,0.308,-1.6,-0.1,1.2,5827
Dioner Navarro,White Sox,69,288,261,67,11,0,8,28,31,22,45,1,1,0,0.258,0.315,0.39,0.705,0.307,-1.1,-0.7,1.1,3179
Starlin Castro,Yankees,140,588,550,149,27,2,13,60,66,28,97,5,7,4,0.271,0.31,0.402,0.712,0.307,0,-1.2,1.6,4579
Yangervis Solarte,Padres,122,511,467,122,24,2,10,52,51,34,56,4,1,0,0.261,0.315,0.386,0.701,0.307,-3.1,-0.8,1.3,5352
Austin Jackson,White Sox,140,588,534,138,27,5,10,66,52,44,136,3,15,8,0.259,0.317,0.382,0.699,0.307,-1.4,0.5,1.5,9848
Gregor Blanco,Giants,88,371,328,86,16,3,4,41,31,36,65,2,11,5,0.261,0.336,0.364,0.7,0.307,-1.3,0.4,0.7,3123
Eric Campbell,Mets,13,56,49,12,2,0,1,6,5,6,11,1,1,1,0.241,0.33,0.357,0.687,0.306,-0.2,0,0.1,6938
Eduardo Escobar,Twins,122,511,470,121,30,4,10,55,53,31,100,3,5,3,0.258,0.306,0.401,0.707,0.306,-0.8,0,1.5,6153
Dee Gordon,Marlins,152,637,592,171,22,9,3,80,43,33,97,3,53,19,0.289,0.329,0.371,0.7,0.306,1.6,4.4,2.3,8203
Dilson Herrera,Mets,13,56,51,13,2,0,1,6,6,4,11,0,1,1,0.253,0.307,0.395,0.703,0.306,0.1,0,0.2,14335
Jed Lowrie,Athletics,128,539,482,121,29,1,11,59,55,47,79,4,2,1,0.25,0.32,0.385,0.704,0.306,-2.5,-0.2,1.4,4418
Trea Turner,Nationals,25,105,97,26,4,1,2,11,10,6,23,0,4,2,0.27,0.315,0.386,0.701,0.306,0.1,0.2,0.4,16252
Scooter Gennett,Brewers,108,455,427,118,23,3,8,48,44,19,73,3,5,3,0.277,0.31,0.402,0.712,0.306,-1.1,0.1,0.9,10339
Jarrod Saltalamacchia,Tigers,61,256,226,51,12,0,9,28,29,26,81,1,1,1,0.226,0.307,0.396,0.703,0.306,-3,-0.1,0.8,5557
Matt den Dekker,Nationals,22,91,83,21,4,1,2,10,10,6,21,1,2,1,0.252,0.309,0.394,0.703,0.306,-0.3,0.1,0.1,11385
Odubel Herrera,Phillies,135,567,522,142,26,3,7,61,42,31,125,6,16,9,0.271,0.319,0.378,0.697,0.306,2.8,0.4,1.8,11476
Zach Walters,Indians,10,42,39,9,2,0,2,5,5,2,12,0,0,0,0.238,0.28,0.435,0.715,0.306,0.1,0,0,10622
Cameron Maybin,Tigers,75,315,287,75,13,2,5,37,33,24,57,1,10,4,0.262,0.319,0.379,0.698,0.306,-2.7,0.9,0.6,5223
Chris Coghlan,Athletics,117,490,433,105,23,5,9,52,44,48,92,4,9,4,0.242,0.32,0.379,0.699,0.306,-0.4,0.5,1.2,6878
Carl Crawford,Dodgers,88,370,344,91,17,3,7,43,39,19,63,3,13,5,0.266,0.308,0.398,0.705,0.306,-0.2,1.3,0.8,1201
Nori Aoki,Mariners,138,581,523,141,21,3,6,65,42,41,48,9,16,8,0.269,0.332,0.356,0.687,0.306,0.9,-1.4,1.1,13075
Delino Deshields,Rangers,148,623,549,137,24,6,8,76,49,58,125,6,34,16,0.25,0.327,0.36,0.688,0.305,-5.2,2.9,1,11379
Miguel Montero,Cubs,99,416,361,85,14,0,11,38,47,46,95,5,1,2,0.237,0.328,0.367,0.695,0.305,0.9,-1.9,1.7,3364
Austin Barnes,Dodgers,18,77,69,17,3,0,2,8,8,6,12,1,1,1,0.25,0.316,0.378,0.694,0.305,0,0,0.3,12158
Ben Revere,Nationals,123,515,483,145,16,5,1,62,34,22,48,2,28,8,0.3,0.332,0.362,0.694,0.305,-3.4,3.7,1.2,4712
Jesus Aguilar,Indians,8,35,32,8,2,0,1,4,4,3,9,0,0,0,0.246,0.306,0.399,0.704,0.305,0,0,0,11342
Nick Swisher, ,113,476,415,94,21,1,13,49,49,53,115,3,1,1,0.226,0.315,0.375,0.69,0.304,-1.2,-1,-0.1,4599
Bryce Brentz,Red Sox,7,28,26,6,1,0,1,3,3,2,8,0,0,0,0.242,0.295,0.407,0.702,0.304,-0.2,0,0,10607
Yunel Escobar,Angels,142,595,538,144,23,1,8,59,52,45,74,5,3,2,0.268,0.329,0.359,0.687,0.304,-2.8,-1.9,1.5,4191
Aaron Hill,Brewers,125,525,478,120,25,2,13,53,59,37,83,4,7,4,0.25,0.306,0.392,0.698,0.304,-3.1,-0.7,0.7,6104
Max Kepler,Twins,22,91,83,21,4,1,2,10,10,7,16,1,2,1,0.252,0.311,0.389,0.699,0.304,-0.2,0.1,0.1,12144
Jake Goebbert,Pirates,2,7,6,1,0,0,0,1,1,1,1,0,0,0,0.237,0.316,0.377,0.693,0.304,0,0,0,9431
Brandon Crawford,Giants,140,588,528,129,27,5,14,59,66,47,123,6,6,4,0.245,0.312,0.394,0.706,0.303,5.7,0,3,5343
Franklin Gutierrez,Mariners,83,350,321,76,17,0,13,39,42,22,95,3,2,1,0.237,0.291,0.41,0.7,0.303,-0.2,-0.4,0.3,3255
Didi Gregorius,Yankees,143,602,544,139,24,4,11,62,58,40,94,9,5,3,0.256,0.315,0.377,0.692,0.303,2.3,1.2,2.3,6012
Matt Joyce,Pirates,36,150,130,30,7,0,4,15,16,17,34,1,1,1,0.227,0.317,0.37,0.688,0.303,-0.6,0.1,0.2,3353
Alejandro De Aza,Mets,36,151,136,34,7,2,3,16,14,11,33,2,4,2,0.249,0.311,0.384,0.696,0.303,-0.1,0,0.3,3371
Anthony Garcia,Cardinals,8,35,31,7,2,0,1,4,4,3,8,1,0,0,0.236,0.304,0.387,0.691,0.303,-0.1,0,0,sa502038
Rusney Castillo,Red Sox,82,343,318,84,14,2,7,37,35,19,59,3,9,5,0.264,0.31,0.382,0.692,0.303,4.3,-0.3,0.6,17016
Jurickson Profar,Rangers,7,28,25,6,1,0,1,3,3,2,5,0,1,0,0.245,0.31,0.382,0.691,0.303,-0.1,0,0.1,10815
Ender Inciarte,Braves,137,574,532,147,24,4,6,64,42,31,69,3,23,9,0.277,0.318,0.372,0.69,0.303,4.9,1.3,2.1,4922
Ji-Man Choi,Angels,27,112,100,24,5,0,2,13,12,10,21,1,1,1,0.243,0.316,0.373,0.688,0.302,-0.4,-0.1,0,sa549626
Rickie Weeks,Diamondbacks,55,230,203,46,11,1,6,24,23,21,58,5,3,2,0.225,0.311,0.371,0.681,0.302,-1,-0.1,0.1,1849
Chris Iannetta,Mariners,102,429,362,77,16,0,11,42,43,58,110,4,2,1,0.213,0.325,0.352,0.677,0.302,-2.3,-1.1,1.7,8267
Jose Ramirez,Indians,73,308,279,73,14,2,4,36,28,22,32,1,13,6,0.262,0.315,0.375,0.69,0.302,2.3,0.6,1.1,13510
Aaron Altherr,Phillies,7,28,25,6,1,0,1,3,3,2,7,0,1,0,0.237,0.296,0.402,0.698,0.302,0.3,0,0.1,11270
Cory Spangenberg,Padres,120,504,459,119,21,8,7,53,42,32,108,2,15,8,0.26,0.31,0.384,0.694,0.302,0.1,0.7,1.5,12294
Abraham Almonte,Indians,33,140,127,32,6,1,3,15,14,11,31,0,4,1,0.249,0.309,0.38,0.69,0.302,-0.7,0.1,0.3,5486
Alex Avila,White Sox,76,320,269,56,12,0,8,31,29,46,105,1,1,1,0.207,0.324,0.344,0.668,0.301,-0.1,-1.1,1.2,7476
Coco Crisp,Athletics,80,336,298,72,14,2,7,40,30,33,47,1,9,2,0.243,0.317,0.367,0.684,0.301,0.2,1.1,0.3,1572
Robinson Chirinos,Rangers,107,448,399,93,19,1,13,48,48,35,100,6,1,1,0.233,0.302,0.384,0.686,0.301,1.2,-0.6,1.6,3142
Chris Heisey,Nationals,3,13,12,3,1,0,0,1,1,1,3,0,0,0,0.233,0.303,0.388,0.691,0.301,0,0,0,3978
Corey Hart, ,50,210,194,46,9,1,7,22,27,12,53,3,2,1,0.239,0.291,0.408,0.698,0.301,-1.7,-0.2,-0.2,1945
Matt Duffy,Astros,8,35,32,8,1,0,1,4,4,2,8,1,0,0,0.247,0.299,0.39,0.689,0.301,0.1,0,0.1,12181
A.J. Ellis,Dodgers,53,224,191,43,8,1,5,20,22,27,42,2,0,1,0.227,0.327,0.35,0.677,0.301,0.2,-1,0.9,5677
Eddie Rosario,Twins,142,595,561,144,24,10,15,66,65,25,133,2,12,9,0.256,0.289,0.413,0.702,0.301,6.8,0.2,1.2,12155
JR Murphy,Twins,69,288,263,66,14,1,7,31,29,19,60,2,1,1,0.249,0.301,0.389,0.69,0.301,-0.9,0,1.1,10346
Rymer Liriano,Brewers,56,237,214,51,11,1,6,26,25,19,68,3,6,3,0.238,0.305,0.382,0.688,0.301,1.3,0,0.3,4779
Dustin Garneau,Rockies,23,96,87,21,4,0,3,9,10,6,16,1,1,1,0.245,0.3,0.392,0.692,0.3,-0.2,-0.1,0.1,9433
Reymond Fuentes,Royals,52,217,197,52,8,2,3,23,20,14,44,2,10,3,0.264,0.317,0.366,0.683,0.3,2.1,0.8,0.5,10329
Ryan Howard,Phillies,115,485,441,100,21,1,19,51,68,35,140,4,0,0,0.227,0.288,0.41,0.698,0.3,-3.8,-2.5,-0.5,2154
Lewis Brinson,Rangers,2,7,6,2,0,0,0,1,1,0,2,0,0,0,0.243,0.297,0.39,0.688,0.3,0,0,0,sa657923
Tyler Moore,Braves,24,100,91,21,5,0,3,10,12,7,26,1,1,0,0.232,0.293,0.399,0.692,0.3,-0.3,-0.1,0,7244
Delmon Young, ,50,210,198,52,9,0,5,20,23,8,41,2,1,0,0.265,0.297,0.392,0.689,0.3,-2.8,-0.3,-0.2,2140
Brandon Barnes,Rockies,33,140,129,33,7,1,3,14,13,8,36,1,3,2,0.255,0.304,0.384,0.688,0.3,0.1,0,-0.1,629
Brandon Phillips,Reds,148,623,580,156,24,1,13,66,68,29,81,6,12,5,0.268,0.308,0.38,0.688,0.3,5.5,0,1.7,791
Henry Urrutia,Orioles,8,35,33,9,1,0,1,4,4,2,7,0,0,0,0.268,0.306,0.382,0.688,0.3,0,0,0,14441
Alex Dickerson,Padres,24,99,91,23,5,1,2,10,11,6,23,1,1,0,0.248,0.298,0.392,0.69,0.299,-0.2,0,0.1,12649
Jon Jay,Padres,117,490,432,111,18,2,5,52,35,35,83,14,7,4,0.258,0.333,0.346,0.679,0.299,1.8,-0.2,0.9,5227
Domonic Brown,Blue Jays,22,91,84,21,4,0,3,10,12,6,17,0,1,1,0.245,0.296,0.396,0.692,0.299,-1.1,0,-0.1,3154
Enrique Hernandez,Dodgers,72,303,279,71,14,2,7,32,29,17,50,2,3,2,0.252,0.299,0.388,0.687,0.299,-0.2,-0.1,0.8,10472
Jose Iglesias,Tigers,138,581,531,147,21,3,5,58,46,30,69,9,14,8,0.277,0.325,0.354,0.678,0.299,3.5,-1.3,1.9,10231
Blake Swihart,Red Sox,76,320,297,77,18,2,5,34,32,19,70,1,4,3,0.26,0.305,0.38,0.684,0.299,-0.5,-0.1,1,13176
Scott Schebler,Reds,89,375,341,79,12,4,13,42,43,23,96,7,7,3,0.23,0.291,0.403,0.694,0.299,-0.6,0.3,0.1,12225
Rangel Ravelo,Athletics,3,14,13,3,1,0,0,1,1,1,3,0,0,0,0.254,0.309,0.374,0.682,0.299,0,0,0,sa548335
Stefen Romero,Mariners,45,189,177,44,9,1,5,22,22,8,40,2,2,1,0.25,0.286,0.404,0.69,0.298,0.4,-0.2,0.1,11746
Phil Gosselin,Diamondbacks,69,291,271,72,15,2,4,31,27,13,50,3,4,2,0.266,0.305,0.38,0.685,0.298,-0.1,0.2,0.3,10953
Steven Moya,Tigers,12,49,46,11,2,0,2,5,6,2,16,0,1,0,0.235,0.268,0.429,0.697,0.298,-0.1,0,0,11854
Jose Pirela,Padres,73,308,284,73,13,3,5,32,28,18,44,3,5,2,0.258,0.305,0.377,0.682,0.298,-1.7,0.1,0.6,5485
Kelly Johnson,Braves,73,306,276,64,11,1,10,31,34,25,76,2,3,2,0.231,0.298,0.385,0.683,0.298,-2.4,-0.1,0.2,2234
Dalton Pompey,Blue Jays,52,217,196,48,8,2,4,24,19,17,46,2,10,3,0.246,0.31,0.368,0.678,0.298,0.8,0.8,0.3,12797
Willson Contreras,Cubs,3,13,12,3,1,0,0,1,1,1,2,0,0,0,0.249,0.306,0.371,0.677,0.298,-0.1,0,0,sa508176
Andres Blanco,Phillies,73,308,280,70,16,2,6,29,27,20,54,3,3,3,0.248,0.304,0.378,0.681,0.298,-3,-1,0.2,1907
Cole Gillespie,Marlins,15,65,59,15,3,0,1,7,6,5,11,0,1,0,0.258,0.316,0.362,0.678,0.298,-0.2,0,0.1,5888
Elvis Andrus,Rangers,150,630,569,152,29,2,5,67,54,45,82,3,25,11,0.267,0.321,0.353,0.675,0.298,0.1,2.3,1.7,8709
Billy Mckinney,Cubs,2,7,6,2,0,0,0,1,1,1,1,0,0,0,0.248,0.307,0.374,0.681,0.298,0,0,0,sa737528
Nick Franklin,Rays,32,133,119,28,5,1,3,15,14,12,33,0,2,1,0.233,0.302,0.377,0.679,0.298,-1,0.1,0.3,10166
Marlon Byrd,Indians,75,315,293,72,14,2,10,32,38,16,87,3,1,1,0.246,0.29,0.402,0.692,0.297,-0.1,-0.4,0,950
Nick Williams,Phillies,17,70,66,16,3,1,2,7,8,3,18,1,1,1,0.249,0.284,0.404,0.688,0.297,-0.1,-0.1,0,sa657981
Eduardo Nunez,Twins,48,203,189,49,10,2,3,22,20,10,30,1,8,3,0.262,0.301,0.382,0.683,0.297,-1.4,0.4,0.4,6848
Dean Anna,Cardinals,3,14,12,3,1,0,0,1,1,1,2,0,0,0,0.247,0.326,0.341,0.666,0.297,0,0,0,8353
Jeff Baker, ,25,105,96,23,4,1,3,11,11,7,28,1,1,0,0.239,0.296,0.389,0.685,0.297,-1,-0.2,-0.2,2073
Johnny Giavotella,Angels,135,567,517,136,27,3,6,60,53,37,68,3,7,3,0.263,0.314,0.363,0.677,0.297,-7,0.5,0.9,6740
Jason Castro,Astros,107,448,401,91,22,1,13,47,48,38,128,4,2,1,0.226,0.298,0.38,0.678,0.297,1.1,0.3,1.8,8722
Trayce Thompson,Dodgers,38,161,148,34,8,1,5,18,19,10,42,1,3,1,0.23,0.282,0.403,0.685,0.297,0.6,0.2,0.3,9952
Tyler Collins,Tigers,40,168,154,37,7,1,4,17,18,11,37,1,3,1,0.243,0.3,0.38,0.679,0.297,-0.6,0.1,0,12723
Colin Walsh,Brewers,47,196,171,39,8,1,4,20,16,22,51,1,3,1,0.228,0.319,0.348,0.666,0.297,-0.6,0,0.1,sa526841
Mac Williamson,Giants,30,126,114,27,5,1,3,13,12,9,31,3,1,0,0.24,0.307,0.369,0.676,0.296,0,0.1,0.3,14158
Orlando Arcia,Brewers,67,280,262,68,15,2,5,28,28,14,45,1,10,5,0.26,0.299,0.384,0.682,0.296,1.7,0,0.8,sa596917
Cheslor Cuthbert,Royals,33,140,129,33,6,1,3,14,14,9,23,0,2,1,0.252,0.301,0.378,0.679,0.296,0.1,0,-0.1,10473
Jarrett Parker,Giants,43,180,160,36,6,1,5,19,19,16,65,2,4,2,0.223,0.3,0.375,0.675,0.296,0.5,0,0.4,11624
Taylor Motter,Rays,5,21,19,5,1,0,0,2,2,1,4,0,1,0,0.247,0.301,0.378,0.678,0.296,0.1,0,0.1,sa577804
Erick Aybar,Braves,145,609,566,154,32,3,6,65,51,29,66,4,13,6,0.271,0.309,0.371,0.68,0.296,-2.7,0.8,1.5,4082
Rajai Davis,Indians,95,399,369,93,19,5,7,47,35,21,78,4,23,8,0.252,0.297,0.383,0.68,0.296,-0.8,2,0.6,3708
David DeJesus, ,75,315,281,67,14,2,5,31,29,25,55,5,3,3,0.239,0.312,0.358,0.67,0.296,0.8,-0.7,0.1,1825
Jimmy Rollins,White Sox,125,525,470,110,20,3,12,63,47,48,87,1,15,7,0.235,0.306,0.366,0.672,0.296,-2,0.3,1.2,971
Daniel Nava,Angels,118,497,435,103,19,0,8,49,43,45,108,12,4,2,0.238,0.323,0.337,0.66,0.296,0,0.2,0.5,5450
Alex Guerrero,Dodgers,5,21,20,5,1,0,1,2,3,1,4,0,0,0,0.241,0.282,0.4,0.682,0.296,-0.2,0,0,15670
Boog Powell,Mariners,17,70,63,16,2,1,1,7,5,6,13,1,2,2,0.257,0.324,0.339,0.663,0.296,0.2,-0.2,0.2,sa658509
Ben Gamel,Yankees,3,14,13,3,1,0,0,1,1,1,3,0,0,0,0.252,0.301,0.38,0.682,0.295,0,0,0,sa548493
Christian Colon,Royals,68,287,262,70,11,1,3,29,24,18,31,2,7,3,0.266,0.317,0.351,0.668,0.295,-0.4,0.1,0.5,11145
Marwin Gonzalez,Astros,78,329,306,78,16,1,7,35,31,15,61,2,4,3,0.255,0.294,0.383,0.677,0.295,-0.4,-0.7,0.5,5497
Michael Reed,Brewers,12,49,43,10,2,0,1,5,4,5,12,0,2,1,0.231,0.314,0.35,0.665,0.295,0,0,0,13228
Garin Cecchini,Brewers,13,56,51,12,2,0,1,5,5,4,13,1,1,0,0.246,0.311,0.358,0.669,0.295,0.2,0.1,0.1,11608
Wilson Ramos,Nationals,99,416,390,98,15,0,14,39,56,20,74,1,1,0,0.25,0.287,0.398,0.685,0.295,3,-1.2,1.6,1433
Greg Garcia,Cardinals,20,84,74,18,4,0,1,8,7,7,16,1,2,1,0.246,0.324,0.337,0.661,0.295,0.1,0.1,0.2,10951
Jefry Marte,Angels,5,21,19,5,1,0,1,2,2,1,4,0,0,0,0.237,0.29,0.385,0.675,0.295,-0.2,0,0,5107
Alex Rios, ,108,455,427,112,24,4,7,46,47,20,80,3,12,4,0.261,0.296,0.384,0.68,0.295,-1.1,0.6,0.1,2090
Jonathan Villar,Brewers,105,441,397,95,16,4,9,48,41,34,117,3,28,10,0.239,0.302,0.37,0.671,0.295,-5.5,1.8,0.4,10071
Christian Villanueva,Cubs,12,49,45,11,2,0,1,5,6,3,11,0,0,0,0.239,0.286,0.394,0.68,0.294,0,0,0,sa505993
A.J. Pierzynski,Braves,91,384,360,95,17,1,7,33,41,15,47,6,1,2,0.263,0.3,0.377,0.678,0.294,-4.5,-2.3,0.6,746
Aledmys Diaz,Cardinals,20,84,78,20,4,0,2,9,9,4,15,1,1,1,0.251,0.294,0.383,0.676,0.294,0,-0.1,0.2,sa803159
Ryan Rua,Rangers,35,147,135,31,6,0,4,15,15,9,38,2,1,1,0.232,0.289,0.382,0.671,0.294,0,0,-0.1,12409
Billy Burns,Athletics,147,616,562,149,20,7,4,70,43,40,96,6,34,9,0.265,0.319,0.345,0.664,0.294,-0.9,3.9,1.7,12701
Yorman Rodriguez,Reds,43,180,168,41,7,1,5,19,20,10,50,1,2,1,0.242,0.285,0.391,0.676,0.294,-0.1,0.1,0.1,9922
Cesar Hernandez,Phillies,82,343,312,82,13,4,2,36,25,25,67,1,11,5,0.264,0.32,0.345,0.664,0.293,-2.7,0.3,0.3,10556
Nolan Reimold,Orioles,115,483,430,100,18,1,12,50,47,43,123,4,5,2,0.233,0.307,0.36,0.666,0.293,0,0,-0.2,3441
Sean Coyle,Red Sox,2,7,6,1,0,0,0,1,1,1,2,0,0,0,0.221,0.286,0.386,0.672,0.293,0,0,0,sa548268
Anthony Gose,Tigers,92,385,347,85,14,4,5,45,29,30,101,3,18,8,0.245,0.311,0.352,0.662,0.293,-1.8,0.9,0.6,5097
Daniel Descalso,Rockies,32,133,119,29,6,1,2,14,13,11,25,1,2,1,0.246,0.315,0.362,0.677,0.293,-1.8,0,-0.2,8392
J.T. Realmuto,Marlins,107,448,415,105,20,5,7,45,45,24,73,3,9,4,0.254,0.297,0.378,0.675,0.293,0.8,0.3,1.6,11739
Patrick Kivlehan,Rangers,2,7,6,2,0,0,0,1,1,0,2,0,0,0,0.244,0.291,0.383,0.674,0.293,0,0,0,sa657983
Ketel Marte,Mariners,125,525,485,129,23,4,5,56,42,31,79,1,21,9,0.267,0.309,0.36,0.668,0.293,-0.2,1,1.7,13613
Chris Johnson,Marlins,75,314,296,79,15,1,5,26,31,14,76,1,2,1,0.266,0.3,0.375,0.674,0.293,-2.5,-0.6,-0.3,1191
Erik Kratz,Astros,20,83,76,17,4,0,3,9,9,6,18,0,0,0,0.23,0.284,0.393,0.678,0.293,0,-0.1,0.3,4403
Xavier Scruggs,Marlins,2,7,6,1,0,0,0,1,1,1,2,0,0,0,0.222,0.301,0.359,0.66,0.293,0,0,0,7409
Adonis Garcia,Braves,125,525,498,129,25,2,12,51,55,19,85,3,5,3,0.259,0.288,0.389,0.677,0.292,-3.1,-0.6,0.5,13777
Andrelton Simmons,Angels,147,616,566,147,25,4,9,62,58,39,57,4,6,3,0.259,0.309,0.362,0.671,0.292,16.3,-0.5,3.6,10847
Chase Utley,Dodgers,86,360,323,77,18,2,7,36,38,26,53,7,4,1,0.239,0.304,0.371,0.675,0.292,0.4,0.9,0.8,1679
Andrew Susac,Giants,30,128,114,26,5,1,3,13,12,12,35,1,0,0,0.225,0.304,0.354,0.658,0.292,-0.4,0,0.5,13132
Conor Gillaspie,Giants,5,21,19,5,1,0,0,2,2,1,4,0,0,0,0.25,0.301,0.373,0.674,0.292,-0.4,0,0,9009
Josh Phegley,Athletics,46,192,178,42,10,1,5,21,24,9,36,2,1,0,0.238,0.281,0.392,0.674,0.292,0.8,-0.2,0.8,9308
Ryan Hanigan,Red Sox,46,192,167,40,8,0,3,18,18,19,31,3,1,0,0.237,0.324,0.329,0.653,0.292,1.7,-0.3,0.7,4952
Angel Pagan,Giants,106,445,411,108,20,3,4,47,35,27,69,1,10,5,0.263,0.309,0.356,0.665,0.291,-4.4,1.3,0.2,2918
Ryan Lavarnway,Braves,8,32,29,7,1,0,1,3,3,3,7,0,0,0,0.237,0.309,0.351,0.66,0.291,-0.4,0,0.1,8879
Chris Taylor,Mariners,18,77,69,18,3,1,1,8,6,6,17,0,2,1,0.252,0.315,0.342,0.657,0.291,0.6,0.1,0.3,13757
Brandon Drury,Diamondbacks,65,273,256,65,15,1,5,26,28,12,45,2,2,2,0.254,0.292,0.378,0.669,0.291,0.8,-0.5,0.2,11615
Arismendy Alcantara,Cubs,12,49,45,10,2,1,1,5,5,3,13,0,2,1,0.232,0.282,0.391,0.673,0.291,0,0.1,0.1,10711
Josh Rutledge,Red Sox,3,14,13,3,1,0,0,1,1,1,3,0,0,0,0.248,0.296,0.372,0.668,0.291,-0.1,0,0,11167
Ruben Tejada,Cardinals,25,105,93,24,5,0,1,9,8,9,17,1,1,0,0.254,0.327,0.332,0.659,0.291,-1,-0.1,0.1,5519
Jean Segura,Diamondbacks,133,560,526,141,19,6,7,58,48,21,80,5,23,9,0.269,0.302,0.367,0.669,0.291,1.6,1.7,0.9,5933
Andrew Aplin,Astros,5,21,18,4,1,0,0,2,2,2,3,0,1,0,0.241,0.321,0.328,0.65,0.29,0,0,0,sa502787
Richie Shaffer,Rays,45,189,170,36,8,0,7,20,21,15,58,2,1,1,0.214,0.282,0.385,0.667,0.29,0.1,0.1,0,13271
Caleb Joseph,Orioles,46,192,176,41,8,0,6,19,22,12,41,1,1,1,0.236,0.287,0.38,0.667,0.29,1.7,-0.2,0.7,7087
Joey Rickard,Orioles,103,434,385,94,18,2,4,44,35,36,88,6,13,6,0.244,0.317,0.332,0.649,0.29,-1.5,0.3,-0.2,sa621658
Tyler Naquin,Indians,78,329,300,73,15,2,6,34,30,22,85,3,7,4,0.245,0.301,0.361,0.662,0.29,1.7,0,0.7,sa502772
Hank Conger,Rays,53,224,200,45,9,0,6,22,23,18,55,2,1,1,0.223,0.294,0.365,0.659,0.29,-1.5,-0.5,0.6,2505
Jake Marisnick,Astros,45,189,174,42,8,1,4,21,19,9,48,3,9,4,0.242,0.288,0.378,0.666,0.29,2.2,0.6,0.4,11339
Andy Burns,Blue Jays,12,49,45,11,3,0,1,5,5,3,9,0,1,1,0.247,0.293,0.369,0.663,0.29,0,0,0.1,sa455489
Jimmy Paredes,Orioles,18,77,73,18,3,0,2,8,8,3,20,0,2,1,0.252,0.286,0.382,0.668,0.29,-0.1,0.1,0,5481
Rafael Ynoa,Rockies,8,35,33,9,2,0,0,3,3,2,6,0,1,0,0.265,0.307,0.354,0.661,0.29,-0.1,0,0,2832
Jordy Mercer,Pirates,100,420,384,98,21,1,7,38,40,26,71,3,3,2,0.255,0.305,0.37,0.675,0.29,-0.8,-0.2,0.9,6547
Nate McLouth, ,58,245,219,50,11,1,5,26,19,20,45,3,8,2,0.23,0.301,0.356,0.657,0.29,-0.5,0.9,0,3190
Ezequiel Carrera,Blue Jays,67,280,256,65,11,2,4,30,26,17,56,2,12,4,0.255,0.305,0.353,0.657,0.29,-2.3,1.1,-0.1,9048
Tyler Goeddel,Phillies,83,350,321,78,14,3,7,32,33,22,77,3,12,6,0.242,0.293,0.37,0.663,0.29,0,0.3,-0.1,sa597762
Danny Santana,Twins,70,294,277,72,13,4,3,33,26,10,62,2,10,5,0.262,0.292,0.375,0.668,0.289,-1.9,0.6,0.4,10322
Carlos Ruiz,Phillies,69,288,255,60,13,1,3,25,24,24,42,5,2,1,0.237,0.314,0.336,0.65,0.289,-1.6,-0.6,0.6,2579
Micah Johnson,Dodgers,2,7,6,2,0,0,0,1,1,0,1,0,0,0,0.254,0.299,0.36,0.66,0.289,0,0,0,13809
Alberto Callaspo, ,83,350,312,77,13,0,5,31,32,33,41,1,1,1,0.246,0.316,0.334,0.65,0.289,-2.8,-1.1,0,3336
Jeimer Candelario,Cubs,2,7,6,2,0,0,0,1,1,0,1,0,0,0,0.24,0.288,0.376,0.664,0.289,0,0,0,sa596954
Steve Clevenger,Mariners,47,196,179,46,8,1,3,18,17,14,31,1,0,1,0.256,0.309,0.352,0.661,0.289,-1.7,-0.5,0.3,9542
Willy Garcia,Pirates,3,14,13,3,1,0,0,1,2,1,4,0,0,0,0.239,0.272,0.4,0.672,0.289,0.1,0,0,sa547734
Christian Vazquez,Red Sox,30,128,116,29,6,0,2,13,12,10,24,1,1,1,0.249,0.307,0.349,0.657,0.289,1.1,-0.1,0.4,9774
Stephen Drew,Nationals,80,335,300,66,16,2,8,31,35,30,67,1,2,1,0.222,0.292,0.37,0.662,0.289,-0.5,-0.7,0.3,4251
Giovanny Urshela,Indians,35,147,138,34,7,1,3,15,15,7,24,1,1,1,0.246,0.286,0.379,0.665,0.289,0.8,-0.2,0.3,10681
Alen Hanson,Pirates,12,49,45,11,2,1,1,5,5,2,9,0,2,1,0.246,0.286,0.382,0.668,0.289,0.2,0,0.1,sa547735
Ryan Flaherty,Orioles,62,259,233,52,9,1,8,28,28,19,62,3,1,1,0.223,0.29,0.374,0.663,0.289,-1,0.2,0.3,7888
Gavin Cecchini,Mets,5,21,19,5,1,0,0,2,2,1,3,0,0,0,0.248,0.301,0.355,0.656,0.289,-0.1,0,0,sa657876
Curt Casali,Rays,61,256,228,49,10,0,7,27,25,22,67,4,1,0,0.216,0.294,0.357,0.65,0.288,-0.7,0,0.8,12510
Socrates Brito,Diamondbacks,113,476,451,117,18,7,7,48,45,19,95,1,16,7,0.259,0.289,0.378,0.667,0.288,-0.4,0.7,0.3,12944
Jarrod Dyson,Royals,85,357,322,80,11,6,3,41,28,25,65,3,36,8,0.249,0.308,0.344,0.652,0.288,6.5,4.5,1.2,4866
Adam Brett Walker,Twins,3,14,13,3,1,0,1,2,2,1,5,0,0,0,0.218,0.262,0.407,0.669,0.288,0,0,0,sa621791
Juan Lagares,Mets,72,301,280,73,14,3,4,30,28,13,60,3,6,3,0.259,0.297,0.366,0.663,0.288,4.4,0.3,1,5384
Zack Cozart,Reds,133,560,517,127,25,4,12,57,55,29,86,4,6,2,0.246,0.289,0.376,0.665,0.288,5.4,0.6,1.5,2616
Renato Nunez,Athletics,2,7,7,2,0,0,0,1,1,0,1,0,0,0,0.239,0.279,0.384,0.663,0.288,0,0,0,sa596834
Jorge Polanco,Twins,12,49,46,12,2,0,1,5,4,3,8,0,1,1,0.256,0.298,0.358,0.656,0.288,0,-0.1,0.1,13152
Brett Eibner,Royals,3,14,13,3,1,0,0,1,1,1,4,0,0,0,0.228,0.288,0.372,0.659,0.287,0,0,0,sa390416
Collin Cowgill,Indians,17,70,64,15,3,0,1,8,6,5,16,1,1,0,0.238,0.297,0.352,0.65,0.287,0.8,0.1,0.1,7250
Jeremy Hazelbaker,Cardinals,2,7,6,2,0,0,0,1,1,0,2,0,0,0,0.238,0.289,0.37,0.659,0.287,0,0,0,sa501446
Ivan De Jesus,Reds,50,210,191,47,9,2,2,19,19,16,49,1,1,1,0.246,0.304,0.347,0.651,0.287,0.1,-0.1,0.1,9886
Mallex Smith,Braves,8,35,32,8,1,0,0,4,3,3,7,0,3,1,0.252,0.311,0.337,0.647,0.287,0,0.1,0.1,sa599039
Michael Taylor,Nationals,97,406,369,86,16,2,10,40,43,30,125,2,15,6,0.232,0.292,0.369,0.661,0.287,2.5,0.3,0.5,11489
Roman Quinn,Phillies,7,28,26,6,1,0,0,3,2,2,6,0,2,1,0.244,0.296,0.355,0.651,0.287,0.1,0,0,sa597773
Brandon Nimmo,Mets,10,42,37,9,1,0,1,4,3,4,10,0,1,0,0.229,0.309,0.335,0.644,0.286,-0.2,0,0,sa597760
Manuel Margot,Padres,3,14,13,3,1,0,0,1,1,1,2,0,1,0,0.247,0.29,0.368,0.657,0.286,0.1,0,0,sa657504
Peter Bourjos,Phillies,100,420,374,84,15,4,9,47,35,31,114,8,11,7,0.226,0.297,0.358,0.655,0.286,4.5,0.3,0.4,2578
Grady Sizemore, ,58,245,224,53,12,1,5,24,23,17,51,2,3,2,0.235,0.291,0.36,0.651,0.286,-3.2,-0.3,-0.5,2197
Slade Heathcott,Yankees,20,84,78,19,3,1,2,8,9,5,23,0,2,1,0.243,0.288,0.367,0.655,0.286,0.7,-0.1,0,10336
Jose Peraza,Reds,72,301,283,76,10,4,3,31,27,10,34,2,17,6,0.269,0.295,0.367,0.663,0.286,0.7,1.2,0.5,13593
Travis Ishikawa,White Sox,10,42,38,8,2,0,1,4,4,3,12,1,0,0,0.222,0.293,0.356,0.65,0.286,0,0,-0.1,4793
Jorge Alfaro,Phillies,8,32,30,7,1,0,1,3,3,1,9,1,0,0,0.229,0.275,0.381,0.656,0.286,-0.2,0,0.1,sa551307
Kurt Suzuki,Twins,76,320,290,73,15,0,4,27,32,20,38,4,1,0,0.253,0.307,0.345,0.652,0.286,-1.7,-0.5,0.7,8259
J.B. Shuck,White Sox,60,252,228,59,9,2,2,26,21,18,26,1,5,4,0.257,0.311,0.335,0.646,0.286,-0.4,-0.3,-0.2,6677
James McCann,Tigers,84,352,330,84,17,2,5,32,34,14,73,4,2,2,0.254,0.289,0.365,0.655,0.285,2.9,-0.7,1.2,12859
Kevan Smith,White Sox,8,32,29,7,1,0,1,3,3,2,7,0,0,0,0.235,0.293,0.357,0.65,0.285,-0.2,0,0.1,sa599392
Darrell Ceciliani,Blue Jays,27,112,104,25,5,1,2,12,12,6,30,1,4,2,0.245,0.29,0.365,0.656,0.285,-0.5,0.2,-0.1,9954
Jace Peterson,Braves,108,455,404,96,17,4,4,44,38,41,87,3,14,7,0.238,0.31,0.334,0.644,0.285,0.1,0.3,0.5,12325
Sean Rodriguez,Pirates,47,196,180,42,10,1,4,20,21,8,48,4,2,1,0.236,0.281,0.374,0.655,0.285,-1,-0.2,0.1,6589
Wynton Bernard,Tigers,5,21,19,5,1,0,0,2,2,1,4,0,1,1,0.257,0.3,0.348,0.648,0.285,0,0,0,sa658999
James Ramsey,Indians,2,7,6,1,0,0,0,1,1,1,2,0,0,0,0.223,0.293,0.354,0.647,0.285,0,0,0,sa599239
Tyler Saladino,White Sox,47,196,177,42,6,2,4,22,18,14,39,2,8,2,0.238,0.296,0.352,0.647,0.285,0.9,0.7,0.4,10807
Spencer Kieboom,Nationals,3,13,12,3,1,0,0,1,1,1,2,0,0,0,0.245,0.299,0.348,0.647,0.285,0,0,0,sa621637
Keon Broxton,Brewers,75,315,283,62,11,4,8,32,31,26,106,2,12,5,0.218,0.286,0.365,0.652,0.285,-0.3,0.2,0.1,9253
Leonys Martin,Mariners,133,560,513,125,22,4,10,58,49,34,121,4,27,11,0.244,0.294,0.358,0.652,0.285,7.1,2.4,1.9,11846
Chris Owings,Diamondbacks,83,350,328,83,17,3,5,35,32,16,77,2,9,3,0.252,0.288,0.37,0.658,0.285,0.6,0.9,0.3,10030
Danny Espinosa,Nationals,112,469,425,96,22,2,12,48,44,30,134,9,7,3,0.226,0.289,0.368,0.657,0.285,1.7,0.8,0.9,9219
Hunter Renfroe,Padres,41,172,159,36,7,1,5,18,19,10,48,1,1,1,0.228,0.275,0.383,0.658,0.285,0.5,0.1,0.1,sa549860
Charlie Tilson,Cardinals,8,35,33,9,1,0,0,3,3,2,6,0,1,1,0.261,0.301,0.349,0.65,0.285,0.1,0,0,sa597793
Austin Romine,Yankees,21,90,83,20,4,0,2,9,9,5,17,1,1,0,0.24,0.285,0.37,0.654,0.285,-0.3,0,0.2,5491
Adeiny Hechavarria,Marlins,143,602,561,148,22,8,5,53,52,31,94,2,7,5,0.263,0.301,0.354,0.655,0.284,1.4,-0.9,1,10459
Matt Dominguez,Blue Jays,2,7,7,2,0,0,0,1,1,0,1,0,0,0,0.237,0.277,0.38,0.657,0.284,0,0,0,4903
Chris Bostick,Nationals,2,7,7,2,0,0,0,1,1,0,2,0,0,0,0.241,0.284,0.366,0.65,0.284,0,0,0,sa602694
Billy Hamilton,Reds,125,525,480,120,17,5,6,62,39,34,95,2,57,16,0.25,0.3,0.344,0.644,0.284,9.4,6.8,2,10199
Marco Hernandez,Red Sox,2,7,7,2,0,0,0,1,1,0,1,0,0,0,0.259,0.287,0.369,0.656,0.284,0,0,0,sa547804
Dan Uggla, ,33,140,121,24,4,1,4,14,16,16,41,2,1,1,0.196,0.298,0.336,0.633,0.284,-2.5,-0.1,-0.2,3442
Darnell Sweeney,Phillies,20,84,76,18,4,1,2,8,8,6,23,0,3,2,0.23,0.291,0.357,0.648,0.284,-0.9,-0.1,-0.1,13284
Anthony Alford,Blue Jays,3,14,13,3,1,0,0,1,1,1,4,0,0,0,0.227,0.298,0.342,0.641,0.284,0,0,0,sa657953
Roberto Perez,Indians,44,186,159,33,8,1,4,19,16,21,53,1,1,1,0.208,0.302,0.333,0.635,0.284,2,-0.4,0.7,2900
Mike Ohlman,Cardinals,1,6,6,1,0,0,0,1,1,0,1,0,0,0,0.24,0.298,0.343,0.642,0.284,-0.1,0,0,sa501614
Michael Bourn, ,122,511,460,113,18,5,3,50,37,41,117,2,15,7,0.246,0.308,0.329,0.637,0.283,-1.5,1.4,0.4,6387
Whit Merrifield,Royals,17,70,65,17,3,0,1,7,6,4,11,0,2,1,0.254,0.295,0.353,0.648,0.283,0.2,0,0.1,sa526882
Chris Gimenez,Rangers,23,96,86,20,4,0,2,10,9,8,21,1,1,0,0.232,0.298,0.342,0.64,0.283,-0.5,-0.1,0.1,7324
Ronald Torreyes,Yankees,40,168,156,41,7,1,1,17,14,7,14,2,2,2,0.262,0.299,0.345,0.644,0.283,-0.1,-0.2,0.1,11400
Brayan Pena,Cardinals,40,166,154,40,8,0,1,12,13,10,17,1,1,1,0.261,0.305,0.338,0.644,0.283,-1,-0.9,0.2,3231
Tim Anderson,White Sox,13,56,53,14,2,0,1,6,5,2,14,1,3,1,0.258,0.286,0.365,0.65,0.283,-0.3,0.1,0.1,sa737508
Max Muncy,Athletics,2,7,6,1,0,0,0,1,1,1,2,0,0,0,0.223,0.299,0.34,0.64,0.283,0,0,0,13301
Reynaldo Navarro,Angels,2,7,7,2,0,0,0,1,1,0,1,0,0,0,0.251,0.288,0.36,0.648,0.283,0,0,0,6008
Joey Wendle,Athletics,3,14,13,3,1,0,0,1,1,1,3,0,0,0,0.245,0.282,0.369,0.652,0.283,0.1,0,0,sa658022
Freddy Galvis,Phillies,115,483,448,111,18,5,8,45,46,24,87,2,5,2,0.247,0.287,0.363,0.65,0.283,-1.1,0.6,0.6,6609
Matt Szczur,Cubs,29,121,111,27,5,1,2,12,11,7,23,1,5,2,0.247,0.297,0.342,0.64,0.282,-0.1,0.2,0,11255
Mikie Mahtook,Rays,43,182,168,40,8,1,3,18,17,9,47,3,4,2,0.236,0.286,0.36,0.646,0.282,0.4,0.2,0.1,13130
Alcides Escobar,Royals,152,637,595,157,27,5,4,69,50,23,80,6,20,5,0.264,0.297,0.348,0.645,0.282,2.8,2.9,1.6,6310
Justin Maxwell,Marlins,6,27,25,5,1,0,1,3,3,2,8,0,0,0,0.22,0.283,0.36,0.643,0.282,0.1,0,0,6827
Danny Ortiz,Pirates,2,7,7,2,0,0,0,1,1,0,1,0,0,0,0.238,0.27,0.384,0.654,0.282,0.1,0,0,sa454526
Johnny Monell,Mets,23,96,87,20,4,0,2,10,9,7,21,1,1,1,0.229,0.289,0.352,0.642,0.281,-0.4,-0.1,0.2,2783
Jett Bandy,Angels,3,13,12,3,1,0,0,1,1,1,3,0,0,0,0.231,0.284,0.356,0.64,0.281,0,0,0,12508
Francisco Pena,Orioles,15,64,60,14,3,0,2,7,7,3,12,1,0,0,0.233,0.271,0.38,0.651,0.281,0.4,0,0.2,8298
Melvin Upton,Padres,118,497,444,95,19,4,12,48,41,45,146,2,15,6,0.214,0.287,0.357,0.643,0.281,0.6,1,0.5,5015
Tyler Flowers,Braves,53,224,205,46,8,0,6,18,22,13,69,4,0,1,0.224,0.28,0.36,0.639,0.281,0.4,-0.6,0.5,9134
Ramon Cabrera,Reds,3,13,12,3,1,0,0,1,1,1,2,0,0,0,0.253,0.3,0.336,0.636,0.281,0,0,0,10327
J.J. Hardy,Orioles,125,525,491,120,22,0,12,51,52,26,90,2,1,0,0.244,0.282,0.362,0.645,0.281,4.4,-0.9,1,3797
Matt Davidson,White Sox,17,70,63,13,2,0,3,7,7,6,24,1,0,0,0.204,0.276,0.365,0.641,0.281,0.5,0,0,7226
Alexei Ramirez,Padres,148,623,587,150,31,2,9,58,57,25,70,3,17,7,0.255,0.286,0.359,0.645,0.281,-3.1,0.1,0.8,5133
Jose Lobaton,Nationals,46,192,172,39,8,1,3,17,19,16,47,1,0,0,0.227,0.296,0.34,0.635,0.28,-0.2,-0.3,0.4,4243
Emmanuel Burriss,Phillies,42,175,160,40,5,1,2,16,13,10,22,2,4,2,0.25,0.302,0.332,0.634,0.28,-1.7,-0.1,-0.1,2917
Travis Jankowski,Padres,22,91,83,21,3,1,1,9,7,6,16,0,5,2,0.25,0.303,0.329,0.632,0.28,0.6,0.3,0.2,13768
Geovany Soto,Angels,50,211,191,40,9,0,6,20,22,17,60,1,1,1,0.212,0.279,0.354,0.633,0.279,0.1,-0.7,0.6,3707
Nick Ahmed,Diamondbacks,133,560,516,125,24,5,7,52,47,32,93,3,11,6,0.242,0.288,0.351,0.639,0.279,7.3,0.4,1.2,12147
Todd Cunningham,Angels,12,49,45,11,2,0,0,5,4,2,8,1,1,1,0.248,0.298,0.334,0.633,0.279,0.3,0,0,10822
Tucker Barnhart,Reds,38,160,143,35,6,1,2,14,13,13,27,1,0,0,0.241,0.306,0.329,0.635,0.279,1.1,-0.1,0.4,10200
Hanser Alberto,Rangers,28,119,113,30,5,1,1,12,11,3,14,1,2,2,0.262,0.284,0.358,0.643,0.279,0.8,-0.1,0.1,11902
Nolan Fontana,Astros,5,21,18,4,1,0,0,2,2,3,6,0,0,0,0.204,0.314,0.293,0.608,0.279,-0.1,-0.1,0,sa657932
Jeff Francoeur,Braves,51,216,204,48,9,1,6,20,23,9,50,1,1,1,0.236,0.27,0.373,0.643,0.278,-1.2,-0.7,-0.3,4792
Mike Zunino,Mariners,12,51,47,10,2,0,2,5,6,3,16,1,0,0,0.207,0.264,0.376,0.639,0.278,0,0,0.1,13265
Christian Bethancourt,Padres,23,96,91,22,5,0,2,9,10,4,18,0,2,1,0.248,0.277,0.369,0.645,0.278,0.4,0,0.3,10028
Cameron Rupp,Phillies,76,320,292,64,12,1,9,29,32,23,89,3,1,1,0.219,0.281,0.358,0.639,0.278,1.9,-0.5,0.8,11146
Wilmer Difo,Nationals,12,49,46,12,2,0,1,5,5,2,9,0,2,1,0.25,0.284,0.355,0.639,0.278,0,0.2,0,14320
Gordon Beckham,Braves,69,291,267,63,14,0,5,28,26,17,48,3,2,1,0.235,0.287,0.347,0.634,0.278,0.1,-0.1,0.1,9015
Brian Goodwin,Nationals,2,7,6,1,0,0,0,1,1,1,2,0,0,0,0.223,0.292,0.335,0.627,0.278,0,0,0,sa501964
Paulo Orlando,Royals,70,294,276,69,12,3,4,29,26,12,56,2,8,3,0.25,0.283,0.356,0.639,0.278,2.9,0.5,0,8628
Kevin Plawecki,Mets,30,128,117,28,5,0,2,12,12,7,22,2,0,0,0.237,0.292,0.342,0.633,0.277,0.2,0,0.3,13807
Mike Aviles,Tigers,50,210,195,48,9,0,4,23,20,10,26,1,4,2,0.247,0.283,0.351,0.634,0.277,-0.7,-0.1,0,5986
Mason Williams,Yankees,5,21,19,5,1,0,0,2,2,1,3,0,1,0,0.239,0.292,0.337,0.629,0.277,0.3,0,0,11859
Ryan Brett,Rays,2,7,7,2,0,0,0,1,1,0,1,0,0,0,0.245,0.282,0.349,0.631,0.276,0,0,0,12138
Shawn O'Malley,Mariners,18,77,69,17,2,1,1,8,6,5,15,1,3,1,0.241,0.298,0.324,0.622,0.276,-0.6,0.1,0,9629
Kyle Kubitza,Angels,12,49,44,9,2,0,1,5,4,4,15,0,1,0,0.215,0.29,0.334,0.624,0.276,0,0,0,12148
Omar Infante,Royals,108,455,430,109,20,4,5,42,44,17,60,1,5,2,0.253,0.281,0.353,0.635,0.275,0.4,0.1,0.1,1609
Deven Marrero,Red Sox,12,49,45,11,2,0,1,5,4,3,11,0,1,1,0.24,0.292,0.33,0.622,0.275,0,0,0,13325
Anthony Recker,Indians,5,19,17,3,1,0,1,2,2,2,6,0,0,0,0.2,0.271,0.359,0.631,0.275,-0.2,0,0,4063
Carlos Sanchez,White Sox,23,98,91,22,4,0,1,9,8,5,19,1,2,1,0.246,0.289,0.336,0.625,0.275,0.5,-0.1,0.1,11602
Eric Sogard,Athletics,40,168,153,38,6,1,1,17,14,11,21,1,3,1,0.246,0.3,0.32,0.621,0.275,0.4,0.2,0.2,7927
Nick Williams, ,25,105,95,21,4,1,2,10,9,7,26,1,1,1,0.222,0.282,0.343,0.626,0.275,0,0,-0.2,sa829392
Harold Ramirez, ,2,7,6,1,0,0,0,1,1,0,2,0,0,0,0.222,0.282,0.343,0.626,0.275,0,0,0,sa550711
Rafael Ortega,Angels,13,56,51,12,2,0,0,5,4,4,10,0,2,1,0.237,0.299,0.318,0.617,0.275,1.1,0,0.1,10323
Ramon Torres,Royals,2,7,7,2,0,0,0,1,1,0,1,0,0,0,0.255,0.285,0.342,0.627,0.275,0,0,0,sa547940
Daniel Fields,White Sox,3,14,13,3,1,0,0,1,1,1,4,0,0,0,0.213,0.285,0.336,0.621,0.274,-0.1,0,0,10390
Max Moroff,Pirates,2,7,6,1,0,0,0,1,1,1,2,0,0,0,0.232,0.294,0.324,0.618,0.274,0,0,0,sa658280
Ehire Adrianza,Giants,38,161,144,33,6,1,1,14,12,12,32,2,3,2,0.23,0.297,0.316,0.613,0.274,0.9,0,0.2,8418
Carlos Perez,Angels,99,416,382,90,20,1,6,39,39,26,70,2,3,1,0.235,0.285,0.337,0.622,0.274,2.5,-0.1,1.3,10642
Martin Maldonado,Brewers,49,205,184,40,7,0,5,17,21,16,51,2,1,1,0.219,0.287,0.338,0.625,0.274,1.7,-0.3,0.4,6887
Josh Thole,Blue Jays,30,128,116,28,5,0,1,11,10,10,21,1,1,1,0.239,0.3,0.316,0.615,0.274,-1.6,-0.4,0,9689
Sam Fuld,Athletics,22,91,81,18,4,1,1,9,7,8,15,0,3,1,0.221,0.295,0.32,0.615,0.274,0.5,0.2,0,8254
Drew Stubbs,Braves,58,245,219,46,8,1,6,25,20,21,84,1,9,2,0.211,0.283,0.334,0.617,0.273,0.6,1.3,0,9328
Tim Beckham,Rays,57,238,218,50,9,2,4,23,23,14,63,2,4,2,0.23,0.279,0.344,0.623,0.273,-1.5,-0.2,0.1,7949
Pedro Severino,Nationals,5,19,18,4,1,0,0,2,2,1,4,0,0,0,0.24,0.279,0.346,0.625,0.273,0.1,0,0,14523
Bryan Holaday,Rangers,23,96,89,21,4,0,1,9,9,4,20,1,1,0,0.238,0.278,0.344,0.622,0.272,-0.1,-0.1,0.1,11287
Dixon Machado,Tigers,7,28,26,6,1,0,0,3,2,2,5,0,0,0,0.24,0.291,0.322,0.613,0.272,0.1,0,0,11472
Rob Brantly,Mariners,3,13,12,3,1,0,0,1,1,1,2,0,0,0,0.241,0.277,0.348,0.624,0.272,-0.1,0,0,10655
Tony Wolters,Rockies,27,115,104,25,4,0,1,10,9,8,27,1,1,1,0.236,0.295,0.314,0.609,0.271,1.3,-0.1,0,sa548197
Miguel Rojas,Marlins,33,140,129,32,5,1,1,13,11,8,17,1,2,1,0.246,0.292,0.326,0.618,0.271,0.8,-0.3,0.1,7802
Alfredo Gonzalez,Astros,3,13,12,3,0,0,0,1,1,1,3,0,0,0,0.237,0.298,0.305,0.604,0.271,0,0,0,sa505301
Kelby Tomlinson,Giants,48,203,186,45,6,2,1,18,16,13,40,1,7,4,0.243,0.296,0.313,0.608,0.271,-0.7,0.2,0.1,13005
Ryan Goins,Blue Jays,100,420,384,91,18,3,4,39,38,25,86,1,3,2,0.238,0.285,0.33,0.614,0.271,2.3,-0.3,0.2,9807
Jordan Pacheco,Reds,11,45,41,10,2,0,0,4,4,3,8,0,0,0,0.234,0.288,0.326,0.614,0.271,-0.4,0,0,2677
Daniel Castro,Braves,18,77,72,18,3,0,1,7,6,3,9,0,1,1,0.255,0.285,0.333,0.618,0.271,-0.1,0,0,15450
Darwin Barney,Blue Jays,42,175,161,38,8,0,2,17,16,10,24,2,2,1,0.237,0.285,0.333,0.617,0.271,1.3,0.2,0.2,2430
Jorge Bonifacio,Royals,5,21,19,4,1,0,0,2,2,1,5,0,0,0,0.224,0.273,0.344,0.617,0.271,0,0,0,sa547943
Max Stassi,Astros,23,96,88,19,4,0,3,10,10,5,28,1,0,0,0.217,0.265,0.356,0.621,0.27,0.3,0,0.2,10059
Tyler Holt,Reds,8,35,31,7,1,0,0,3,2,3,7,0,1,0,0.237,0.303,0.297,0.6,0.27,-0.1,0.1,0,11391
Chris Stewart,Pirates,35,147,134,33,5,0,1,11,11,8,24,2,1,1,0.245,0.297,0.309,0.606,0.27,0.3,-0.2,0.3,3878
Alexi Amarista,Padres,38,161,147,35,6,1,2,15,15,10,25,1,3,1,0.234,0.283,0.338,0.622,0.27,-1,0.3,0,9063
Tomas Telis,Marlins,8,32,30,8,1,0,0,3,3,1,4,0,0,0,0.252,0.283,0.338,0.621,0.27,0.1,0,0,10067
Cliff Pennington,Angels,48,203,179,41,7,1,2,19,15,18,40,2,4,1,0.227,0.302,0.303,0.605,0.27,0.6,0.3,0.3,3395
Bubba Starling,Royals,2,7,6,1,0,0,0,1,1,0,2,0,0,0,0.219,0.27,0.345,0.615,0.269,0,0,0,sa597751
Chris Herrmann,Diamondbacks,30,128,116,25,5,1,2,12,11,9,32,1,1,1,0.218,0.28,0.331,0.611,0.269,-0.3,0,0.1,9284
Carson Blair,Athletics,8,32,29,6,1,0,1,3,3,3,12,0,0,0,0.195,0.274,0.332,0.606,0.269,-0.2,0,0,5429
Juan Duran,Reds,2,7,7,1,0,0,0,1,1,0,3,0,0,0,0.209,0.252,0.368,0.62,0.269,0,0,0,sa503255
A.J. Jimenez,Blue Jays,8,32,30,7,2,0,0,3,3,2,6,0,0,0,0.236,0.274,0.338,0.612,0.268,0.2,0,0.1,sa454887
Ichiro Suzuki,Marlins,45,187,173,43,5,2,1,18,13,11,26,0,5,2,0.251,0.294,0.313,0.607,0.268,0.2,0.1,-0.2,1101
Jacob May,White Sox,2,7,6,2,0,0,0,1,1,0,2,0,0,0,0.236,0.278,0.324,0.603,0.266,0,0,0,sa550097
Craig Gentry,Angels,72,301,273,64,9,2,2,30,21,19,61,4,13,4,0.234,0.291,0.306,0.597,0.266,4.1,1.3,0.2,9571
Matt Reynolds,Mets,22,91,84,19,4,1,1,9,8,5,20,1,2,1,0.228,0.278,0.324,0.602,0.265,0.4,0.1,0.1,sa579039
Raul Mondesi,Royals,8,35,33,8,1,0,1,3,3,1,9,0,1,1,0.233,0.264,0.347,0.611,0.265,0,0,0,sa659237
Leury Garcia,White Sox,18,77,72,17,3,1,1,8,6,4,18,0,4,2,0.241,0.28,0.323,0.603,0.265,-0.4,0.2,-0.1,5913
Erik Gonzalez,Indians,2,7,7,2,0,0,0,1,1,0,2,0,0,0,0.236,0.266,0.342,0.608,0.265,0,0,0,sa506001
Andrew Romine,Tigers,38,161,147,35,5,0,1,16,12,10,33,1,6,3,0.239,0.29,0.307,0.597,0.265,1.2,0.1,-0.1,1159
Tyler Ladendorf,Athletics,5,21,19,4,1,0,0,2,2,1,4,0,0,0,0.22,0.278,0.315,0.593,0.264,-0.2,0,0,3211
Charlie Culberson,Dodgers,2,7,7,1,0,0,0,1,1,0,2,0,0,0,0.223,0.257,0.355,0.612,0.263,0,0,0,3298
Jose Rondon,Padres,3,14,13,3,1,0,0,1,1,1,2,0,0,0,0.241,0.282,0.315,0.596,0.263,0.1,0,0,sa597500
Oscar Hernandez,Diamondbacks,8,32,30,7,1,0,0,3,3,1,8,0,0,0,0.222,0.265,0.329,0.594,0.261,-0.1,-0.1,0,13490
Luke Maile,Rays,30,128,117,26,5,0,2,12,10,9,26,1,1,0,0.22,0.276,0.309,0.586,0.261,0.6,0,0.2,13355
Kaleb Cowart,Angels,10,42,38,8,2,0,1,4,4,3,11,0,1,0,0.215,0.274,0.315,0.589,0.26,0.1,0,0,11494
Kyle Skipworth,Reds,1,6,6,1,0,0,0,1,1,0,3,0,0,0,0.182,0.239,0.353,0.592,0.259,0,0,0,5298
Tony Cruz,Royals,18,77,71,16,4,0,1,6,7,4,16,0,0,0,0.225,0.266,0.324,0.59,0.258,-0.6,-0.2,-0.1,2802
Jonathan Herrera, ,50,210,194,46,7,1,2,21,18,10,37,1,3,2,0.237,0.277,0.311,0.588,0.258,-1.8,-0.3,-0.4,4182
John Hicks,Twins,8,32,30,7,1,0,0,3,3,1,8,0,1,0,0.226,0.263,0.324,0.587,0.258,0.3,0,0,12547
Austin Hedges,Padres,38,160,148,33,7,0,3,14,15,8,33,1,1,1,0.22,0.262,0.328,0.59,0.257,1.7,-0.1,0.3,12976
Pedro Florimon,Pirates,42,175,159,34,7,1,2,16,15,12,48,1,6,2,0.213,0.27,0.313,0.583,0.257,0.1,0.5,0,8385
Yadiel Rivera,Brewers,50,210,197,45,7,2,2,18,16,9,44,2,4,3,0.228,0.266,0.315,0.581,0.256,1.3,-0.3,-0.3,11863
Trevor Brown,Giants,23,96,89,20,4,0,1,8,7,5,17,1,1,1,0.227,0.272,0.298,0.57,0.253,-0.3,-0.1,0,13895
Tuffy Gosewisch,Diamondbacks,11,45,42,9,2,0,1,3,4,2,8,0,0,0,0.221,0.257,0.319,0.576,0.253,0.3,-0.1,0,5277
Bobby Wilson,Tigers,8,32,29,6,1,0,0,3,3,2,6,0,0,0,0.215,0.275,0.292,0.567,0.253,0.1,0,0,6564
Drew Butera,Royals,8,32,29,6,1,0,0,3,2,2,7,0,0,0,0.206,0.264,0.302,0.566,0.251,0,0,0,3411
Paul Janish,Orioles,40,168,154,35,6,1,1,14,11,10,27,1,1,1,0.225,0.275,0.286,0.561,0.251,0.7,-0.3,-0.2,7412
Luis Sardinas,Mariners,47,196,185,44,7,1,1,17,14,8,33,1,5,2,0.237,0.269,0.296,0.566,0.249,-0.8,0.2,-0.3,13153
Alex Yarbrough,Angels,5,21,20,5,1,0,0,2,2,1,5,0,0,0,0.229,0.259,0.31,0.569,0.249,-0.1,0,0,sa621579
Gift Ngoepe,Pirates,20,84,76,15,3,1,1,7,6,6,26,1,1,1,0.199,0.264,0.292,0.556,0.248,0.5,-0.1,-0.1,sa503029
David Ross,Cubs,27,115,102,19,5,0,3,8,10,11,40,0,1,0,0.186,0.266,0.312,0.578,0.247,0.9,-0.1,0,1551
Terrance Gore,Royals,2,7,6,1,0,0,0,1,0,0,2,0,1,0,0.219,0.278,0.264,0.542,0.246,0,0.1,0,13658
Justin O'Conner,Rays,8,32,31,6,1,0,1,3,3,1,10,0,0,0,0.207,0.235,0.325,0.56,0.244,0.2,0,0,sa548314
Jeff Mathis,Marlins,38,160,146,29,6,1,3,12,15,11,47,0,0,0,0.196,0.25,0.305,0.555,0.241,0.9,-0.2,-0.1,3448
